sample	Additional New Primary	Metastatic	Primary Blood-Derived Cancer	Primary Solid Tumor	Recurrent Solid Tumor	Solid Tissue Normal
ADNP2	9.23	9.22	9.79	9.22	9.0	9.25
ADNP	11.14	11.35	11.59	11.15	11.07	10.92
AEBP1	11.37	14.04	8.42	11.97	11.3	11.95
AEBP2	9.87	9.15	9.37	9.45	9.16	9.51
AFF3	6.64	8.32	8.76	6.64	7.25	8.14
AHCTF1	10.27	10.31	10.55	10.24	9.96	10.06
AHDC1	10.09	9.53	9.84	9.72	9.99	9.74
AHR	8.81	10.84	10.82	10.58	9.45	10.96
AHRR	4.21	6.02	4.26	5.19	5.14	4.96
AIRE	3.78	0.59	0.65	0.8	1.64	0.44
AKAP8	9.79	9.44	10.19	9.47	9.39	9.31
AKAP8L	10.75	9.86	10.24	9.91	10.15	9.43
AKNA	10.37	9.65	12.28	9.48	9.2	9.58
ALX1	2.14	7.37	0.0	1.47	0.82	1.62
ALX3	4.46	4.82	4.27	4.55	5.07	4.28
ALX4	2.89	0.94	0.22	0.85	1.45	1.19
ANKZF1	9.91	9.13	9.93	9.46	9.43	8.86
AR	2.94	2.3	2.49	4.72	5.22	6.75
ARGFX	1.37	0.11	0.0	0.21	0.06	0.09
ARID1A	10.96	11.29	12.6	11.16	11.05	11.2
ARID1B	10.3	10.58	11.91	10.49	10.25	10.78
ARID2	9.44	9.17	10.74	9.42	9.19	9.4
ARID3A	7.38	6.88	8.74	6.57	5.98	5.92
ARID3B	8.61	6.96	8.57	7.17	6.6	6.98
ARID3C	0.58	0.65	0.0	0.81	1.56	0.88
ARID5A	9.51	9.26	9.21	9.01	9.22	9.3
ARID5B	9.83	10.45	8.88	10.16	9.85	10.75
ARNT2	7.11	11.21	1.18	8.64	10.86	8.92
ARNT	10.05	10.39	10.85	10.15	9.85	10.5
ARNTL2	5.97	4.39	5.78	6.28	5.72	5.16
ARNTL	6.92	7.12	7.08	7.77	8.21	7.92
ARX	2.74	2.03	0.0	2.57	4.11	2.35
ASCL1	3.03	1.89	0.0	2.45	6.48	1.87
ASCL2	4.88	4.03	5.44	5.43	4.1	4.77
ASCL3	0.05	0.12	1.33	0.23	0.23	0.44
ASCL4	0.53	0.6	0.0	0.79	0.42	0.86
ASH1L	10.02	10.6	11.79	10.56	10.62	10.89
ATF1	7.8	8.26	8.99	8.71	8.29	8.92
ATF2	7.95	8.6	9.28	8.49	8.49	8.85
ATF3	8.25	8.0	8.04	9.44	9.0	11.19
ATF4	12.29	12.51	12.77	12.51	12.34	12.42
ATF5	10.13	10.07	8.7	10.13	9.67	9.88
ATF6	9.61	10.45	10.69	10.25	10.13	10.48
ATF6B	10.02	11.42	11.56	11.11	10.82	10.87
ATF7	9.65	10.25	10.88	10.1	9.87	10.33
ATMIN	10.77	10.29	9.96	10.43	10.43	10.54
ATOH1	0.04	0.04	0.0	0.7	0.24	0.73
ATOH7	2.34	1.2	0.34	1.78	2.71	1.51
ATOH8	6.74	7.61	2.6	6.89	8.27	9.18
BACH1	9.86	9.9	10.87	9.72	9.5	10.0
BACH2	6.7	6.65	7.37	6.02	6.82	6.94
BARHL1	0.19	0.09	0.0	0.31	1.31	0.08
BARHL2	0.19	1.04	0.0	0.25	0.41	0.04
BARX1	4.8	1.55	0.0	2.99	2.92	1.89
BARX2	3.19	2.49	0.0	5.68	3.08	6.16
BATF	6.6	6.65	7.3	6.13	4.34	5.42
BATF2	6.69	7.97	4.02	7.09	6.75	7.04
BATF3	6.39	5.13	2.76	4.89	5.47	4.54
BAZ2A	11.64	11.44	12.18	11.21	10.65	11.15
BAZ2B	9.2	8.83	11.08	9.31	9.27	9.74
BBX	10.05	10.32	10.35	10.29	10.38	10.61
BCL11A	6.32	5.01	10.46	6.61	6.29	6.4
BCL11B	6.7	5.87	7.4	6.61	5.76	6.45
BCL6	8.37	9.25	9.3	9.96	10.82	10.29
BCL6B	8.84	6.93	3.07	7.51	7.24	8.17
BCLAF1	11.67	11.17	12.48	11.43	11.27	11.61
BHLHA15	1.98	2.11	1.58	2.67	1.61	2.73
BHLHE22	4.09	4.14	0.94	3.84	4.28	4.46
BHLHE23	0.7	0.01	0.0	0.1	0.35	0.03
BHLHE40	10.73	11.9	9.79	11.98	10.73	12.24
BHLHE41	8.78	9.93	4.6	9.26	9.67	9.28
BNC1	6.23	2.38	0.0	3.91	2.09	3.78
BNC2	8.62	9.22	3.14	6.96	6.39	7.96
BPTF	10.76	10.74	12.23	10.57	10.58	10.65
BRF2	9.08	8.58	7.8	8.46	8.41	8.17
BSX	0.0	0.03	0.0	0.03	0.0	0.0
C11ORF95	10.25	8.93	8.95	8.92	9.51	9.02
CAMTA1	9.19	8.64	7.18	9.02	9.58	9.06
CAMTA2	10.06	10.24	10.45	9.98	10.1	10.28
CASZ1	7.15	6.48	7.56	8.68	7.04	9.41
CBFB	9.55	10.29	10.66	10.09	10.04	9.54
CBX2	8.92	8.25	9.11	7.6	7.94	5.58
CC2D1A	9.71	10.3	9.32	10.09	9.9	9.83
CCDC17	3.76	2.57	6.41	3.57	3.34	4.1
CDC5L	10.34	10.28	10.17	10.02	10.08	9.89
CDX1	6.2	2.14	0.0	3.15	2.2	2.41
CDX2	0.76	0.39	1.95	2.39	1.18	1.64
CDX4	0.0	0.0	0.0	0.04	0.0	0.04
CEBPA	9.07	7.72	10.95	9.19	9.08	9.5
CEBPB	8.83	9.81	8.07	10.07	9.55	10.08
CEBPD	9.43	8.43	8.21	9.93	9.57	10.6
CEBPE	2.38	1.38	6.36	1.37	1.34	1.24
CEBPG	10.29	9.29	10.27	10.26	10.31	10.06
CEBPZ	10.62	10.14	10.47	10.21	10.08	10.2
CENPA	7.62	7.18	6.56	6.37	6.31	3.23
CENPB	10.8	11.39	9.79	11.19	11.63	10.97
CENPBD1	8.42	8.49	8.0	8.06	8.29	8.06
CENPT	9.8	9.09	10.24	9.17	9.59	8.73
CGGBP1	10.93	11.1	11.65	10.8	11.03	11.05
CHCHD3	9.85	10.42	9.61	9.81	9.84	9.64
CIC	11.09	11.22	10.91	10.77	10.79	10.6
CLOCK	7.4	7.85	8.05	7.82	7.41	8.27
CPEB1	8.19	6.71	0.4	3.4	5.34	4.51
CPXCR1	0.0	0.08	0.0	0.19	0.12	0.15
CREB1	9.96	9.58	10.9	9.82	9.82	9.97
CREB3	9.63	9.76	8.31	10.11	10.18	10.06
CREB3L1	5.54	6.48	1.81	8.61	6.92	8.59
CREB3L2	10.4	11.47	11.09	10.81	9.98	11.26
CREB3L3	2.62	0.93	2.21	2.29	1.86	3.03
CREB3L4	8.24	8.16	8.96	8.88	8.01	8.43
CREB5	6.88	7.82	7.5	7.14	8.64	7.36
CREBL2	11.45	10.94	9.16	10.39	10.36	11.03
CREBZF	9.78	9.64	11.35	10.19	10.46	9.92
CREM	8.91	8.6	7.11	8.64	8.81	9.04
CRX	0.1	0.26	0.0	0.28	0.3	0.19
CSRNP1	9.12	8.69	10.23	9.58	9.84	11.13
CSRNP2	10.22	9.57	9.06	9.57	9.76	9.29
CSRNP3	3.04	1.82	0.0	2.85	3.79	3.9
CTCF	10.37	10.45	10.79	10.39	10.29	10.38
CTCFL	3.79	4.69	1.72	3.94	3.84	3.47
CUX1	10.36	10.36	11.0	10.86	10.71	10.98
CUX2	5.51	2.11	3.31	3.24	5.68	4.49
CXXC1	10.45	9.99	10.36	9.84	9.88	9.65
CXXC4	1.49	1.46	0.0	2.37	3.62	2.66
CXXC5	8.97	9.48	8.66	9.26	10.2	9.22
DACH1	5.56	3.09	7.3	6.11	6.05	7.35
DACH2	1.83	0.58	0.0	1.66	4.18	2.27
DBP	9.05	8.31	7.45	8.44	8.44	8.27
DBX1	0.43	0.05	0.0	0.17	0.1	0.03
DBX2	0.31	0.43	0.0	1.23	3.84	1.53
DDIT3	9.09	9.08	8.28	8.97	9.36	8.56
DEAF1	9.29	9.64	9.54	9.51	10.11	9.22
DLX1	3.6	5.72	1.59	3.19	4.87	1.79
DLX2	2.66	3.54	0.5	2.33	3.32	1.19
DLX3	2.61	2.32	0.0	4.21	3.13	3.96
DLX4	3.23	3.77	3.49	3.81	2.93	2.5
DLX5	3.48	4.4	0.0	4.8	4.3	2.96
DLX6	2.17	3.36	0.0	3.26	3.73	1.47
DMBX1	2.09	1.55	0.0	2.53	2.82	0.48
DMRT1	4.71	0.29	0.0	1.17	1.38	0.35
DMRT2	1.29	3.26	0.0	3.0	3.45	4.58
DMRT3	1.73	3.26	0.0	2.38	1.91	2.08
DMRTA1	3.45	3.84	0.0	4.35	3.15	6.09
DMRTA2	2.35	1.25	0.0	2.2	3.75	0.69
DMRTB1	2.31	0.19	0.0	0.29	0.19	0.26
DMRTC2	1.09	0.08	0.0	0.36	0.06	0.13
DMTF1	10.16	9.3	11.2	9.6	9.87	9.32
DNMT1	10.18	11.29	11.83	10.63	10.82	9.68
DNTTIP1	9.26	9.41	8.65	9.42	9.47	8.87
DOT1L	10.06	10.15	11.19	9.64	10.14	9.3
DPF1	6.54	4.27	1.97	3.2	6.96	1.14
DPF3	5.3	4.15	2.74	3.94	6.43	4.66
DPRX	0.09	0.04	0.0	0.13	0.11	0.2
DR1	9.37	10.03	10.62	10.01	9.9	9.98
DRAP1	10.73	10.61	9.54	10.61	10.84	10.05
DRGX	1.89	0.09	0.0	0.42	0.36	0.25
DUX4	0.0	0.0	0.0	0.0	0.0	0.0
DUXA	0.21	0.15	0.0	0.17	0.08	0.28
DZIP1	8.12	7.11	3.08	7.71	8.97	8.29
E2F1	9.38	9.3	9.09	8.45	9.09	6.01
E2F2	7.65	7.58	8.97	6.86	6.96	4.6
E2F3	8.85	9.71	10.67	9.0	9.13	8.15
E2F4	10.44	10.39	10.53	10.27	9.98	9.96
E2F5	6.72	6.92	6.19	7.26	7.71	6.73
E2F6	8.96	8.69	8.31	8.46	8.75	8.05
E2F7	5.85	7.39	6.78	6.21	6.47	3.44
E2F8	5.11	6.2	7.84	6.17	5.74	3.64
E4F1	9.62	9.06	8.82	9.15	9.17	8.59
EAF2	6.0	5.21	9.65	6.0	5.6	6.22
EBF1	7.29	6.4	4.42	6.73	6.8	7.81
EBF2	3.36	2.75	0.0	2.49	2.26	3.11
EBF3	4.11	5.4	4.3	4.66	4.17	5.32
EBF4	7.32	5.98	2.98	7.77	8.78	8.14
EEA1	8.63	9.21	9.72	9.37	9.66	9.77
EGR1	10.61	11.21	12.57	11.63	11.54	13.67
EGR2	7.15	7.74	6.37	7.45	7.7	9.02
EGR3	6.95	8.42	6.42	7.22	7.7	8.76
EGR4	3.2	1.69	0.1	2.1	2.58	1.77
EHF	2.87	3.54	0.0	8.11	4.43	9.73
ELF1	9.09	10.33	12.2	10.22	9.45	10.68
ELF2	9.1	8.89	10.9	9.28	9.22	9.46
ELF3	6.65	3.01	5.49	10.55	6.13	11.06
ELF4	8.26	8.51	11.1	9.25	7.75	8.99
ELF5	0.26	0.65	1.36	3.5	1.77	5.71
ELK1	9.76	10.2	9.19	9.78	9.89	9.35
ELK3	8.47	8.82	8.82	8.34	7.7	8.76
ELK4	6.33	7.27	8.39	7.07	6.39	7.1
EMX1	4.03	0.67	1.06	2.68	3.3	2.66
EMX2	4.44	2.81	0.35	4.19	6.18	4.58
EN1	2.45	4.58	0.0	2.98	3.76	1.41
EN2	1.65	7.46	0.0	2.91	4.19	1.59
EOMES	4.76	6.37	4.79	3.8	2.51	3.84
EPAS1	11.28	11.24	6.13	11.84	11.86	13.23
ERF	10.36	10.74	9.34	10.21	10.51	9.91
ERG	7.65	6.84	10.45	7.8	7.17	8.98
ESR1	5.51	5.25	3.48	6.84	5.36	8.16
ESR2	4.58	4.26	4.6	3.71	3.5	3.98
ESRRA	9.66	9.84	9.19	10.07	9.73	10.07
ESRRB	2.92	1.57	0.96	1.71	2.5	3.03
ESRRG	5.85	2.84	0.0	5.1	5.51	7.07
ESX1	2.4	0.11	0.0	0.29	0.34	0.04
ETS1	10.89	11.79	10.38	10.65	10.33	11.23
ETS2	9.69	9.38	11.41	11.23	10.36	12.01
ETV1	9.08	10.03	1.09	8.04	10.25	8.37
ETV2	3.78	4.3	1.04	3.81	3.24	3.74
ETV3	6.88	7.94	8.08	7.01	6.55	7.61
ETV3L	2.51	2.53	2.48	1.99	1.52	2.37
ETV4	8.76	10.65	2.86	7.85	7.22	6.13
ETV5	11.24	12.09	6.18	9.06	9.88	8.95
ETV6	8.94	9.93	12.35	9.99	9.32	9.81
ETV7	6.83	5.95	2.13	6.53	4.78	5.66
EVX1	1.42	0.12	0.0	1.03	1.0	0.74
EVX2	0.08	0.12	0.0	0.14	0.12	0.29
FAM170A	0.13	0.21	0.0	0.37	0.18	0.33
FAM200B	8.6	8.56	8.02	8.58	9.1	8.76
FBXL19	9.37	9.37	9.69	9.19	8.98	8.18
FERD3L	0.0	0.05	0.0	0.07	0.1	0.05
FEV	3.58	0.7	0.0	1.17	1.65	1.33
FEZF1	0.24	0.97	0.0	1.5	1.36	0.35
FEZF2	0.0	0.11	0.0	0.59	3.18	0.37
FIGLA	0.83	0.07	0.0	0.18	0.21	0.25
FIZ1	8.84	8.59	7.73	8.64	8.58	8.39
FLI1	8.71	7.96	11.55	8.02	8.04	8.86
FLYWCH1	9.89	10.2	9.54	9.53	9.66	9.33
FOS	10.16	11.11	14.27	11.72	11.44	13.84
FOSB	7.6	8.14	13.49	8.84	7.8	12.0
FOSL1	4.76	7.77	7.19	6.81	6.04	6.49
FOSL2	9.29	9.32	11.52	10.63	9.68	11.25
FOXA1	1.74	2.46	0.0	6.83	3.05	7.07
FOXA2	1.52	0.64	0.0	4.02	2.9	5.05
FOXA3	4.46	2.0	0.77	4.12	3.13	4.76
FOXB1	0.31	0.43	0.0	0.33	0.37	0.06
FOXB2	0.42	0.03	0.0	0.26	0.21	0.05
FOXC1	6.43	7.07	5.3	7.78	7.26	8.24
FOXC2	2.55	2.37	0.0	3.02	2.67	3.45
FOXD1	3.22	5.34	0.44	4.56	6.2	3.31
FOXD2	5.02	6.43	4.35	5.05	4.4	4.55
FOXD3	1.55	7.53	0.0	2.1	3.31	1.65
FOXD4	3.52	2.99	2.91	3.46	3.53	2.67
FOXD4L1	2.99	2.44	2.71	2.72	2.96	2.0
FOXD4L2	1.9	1.76	2.26	1.93	2.26	1.42
FOXD4L3	0.49	0.34	0.0	0.4	0.61	0.17
FOXD4L5	0.36	0.16	0.0	0.26	0.22	0.12
FOXD4L6	1.7	1.4	1.01	1.55	2.26	0.91
FOXE1	0.91	1.67	0.9	3.53	1.61	3.24
FOXE3	3.18	1.0	0.0	1.19	1.57	0.67
FOXF1	4.56	4.21	0.0	6.0	5.63	7.05
FOXF2	2.91	5.68	0.0	5.61	6.06	5.49
FOXG1	2.03	1.78	0.0	1.92	6.61	0.61
FOXH1	5.93	2.04	2.35	2.96	2.91	1.53
FOXI1	1.32	0.32	0.96	1.82	0.39	4.02
FOXI2	1.22	1.12	0.0	1.43	0.46	3.07
FOXI3	3.51	0.22	0.0	0.8	0.34	0.29
FOXJ1	1.97	1.97	1.77	5.33	7.04	5.5
FOXJ2	9.45	9.5	9.88	9.43	9.48	9.57
FOXJ3	10.4	10.38	10.92	10.3	10.21	10.32
FOXK1	10.14	10.61	11.05	10.17	10.52	9.87
FOXK2	10.43	10.82	10.18	10.55	10.51	10.09
FOXL1	4.16	3.62	0.0	4.86	4.27	4.61
FOXL2	3.13	2.21	0.0	2.5	3.35	1.22
FOXM1	9.64	10.36	9.69	9.35	9.66	6.21
FOXN1	1.12	0.5	0.0	2.6	0.66	2.86
FOXN2	8.93	9.28	10.6	8.71	9.2	8.78
FOXN3	10.31	10.1	11.21	10.34	10.38	11.12
FOXN4	3.14	1.08	0.0	1.68	3.35	1.35
FOXO1	8.68	9.31	8.24	9.25	9.5	10.36
FOXO3	9.82	9.83	10.31	10.44	10.43	10.82
FOXO4	7.99	9.12	8.85	8.77	8.74	9.52
FOXP1	9.23	8.71	11.47	9.91	9.05	10.47
FOXP2	2.45	3.14	0.0	3.77	3.56	6.18
FOXP3	4.89	5.69	3.97	5.25	3.6	4.14
FOXP4	9.25	10.64	8.49	10.67	9.84	10.47
FOXQ1	2.6	1.77	0.0	7.04	5.13	6.78
FOXR1	2.63	0.03	0.0	0.25	0.39	0.04
FOXR2	1.91	0.75	0.0	0.14	0.22	0.02
FOXS1	6.53	4.95	0.0	5.58	5.44	4.64
GABPA	9.78	9.17	10.07	9.4	9.45	9.77
GATA1	0.81	0.34	5.87	0.88	0.76	1.46
GATA2	6.77	5.75	10.06	7.39	6.52	8.34
GATA3	8.31	5.43	5.5	6.88	3.55	8.05
GATA4	6.04	4.39	0.0	2.77	2.75	2.25
GATA5	2.17	0.82	0.32	2.37	1.4	4.05
GATA6	5.79	6.01	0.23	6.9	5.03	8.24
GATAD2A	11.65	11.6	10.93	10.87	10.76	10.45
GATAD2B	9.78	10.32	11.02	9.91	10.34	9.75
GBX1	0.78	0.32	0.0	0.32	0.59	0.11
GBX2	3.63	2.46	0.0	1.54	3.93	0.16
GCM1	0.65	0.88	1.27	1.41	1.13	1.58
GCM2	0.67	0.09	0.93	0.16	0.22	0.11
GFI1	4.96	5.28	10.1	4.78	3.66	4.65
GFI1B	0.43	0.79	7.98	1.07	1.64	1.55
GLI1	6.0	3.81	4.8	4.66	4.04	5.12
GLI2	6.8	4.95	1.7	6.09	6.87	6.15
GLI3	6.19	9.74	2.47	7.84	7.84	8.31
GLI4	7.79	7.15	6.5	7.4	7.53	6.8
GLIS1	2.76	2.3	0.0	3.69	4.07	3.9
GLIS2	9.69	8.5	5.05	9.38	9.55	9.33
GLIS3	7.27	5.21	2.78	7.61	8.58	8.25
GLYR1	10.9	10.96	11.13	11.11	11.09	11.28
GMEB1	7.24	7.46	8.48	7.21	6.94	7.2
GMEB2	9.59	9.03	8.9	9.2	9.02	8.85
GPBP1	10.95	10.6	11.22	10.86	10.97	10.87
GPBP1L1	11.43	10.68	11.86	11.16	10.6	11.45
GRHL1	6.97	4.6	2.5	7.73	5.56	7.65
GRHL2	2.94	1.47	1.97	7.79	2.96	8.78
GRHL3	2.77	2.04	0.34	5.49	5.2	3.8
GSC	2.26	2.55	0.0	2.93	3.87	2.15
GSC2	0.34	0.01	0.0	0.02	0.03	0.0
GSX1	0.0	0.01	0.0	0.32	2.32	0.01
GSX2	0.0	0.12	0.0	0.33	1.89	0.12
GTF2B	9.12	9.11	8.93	9.09	8.99	9.22
GTF2I	10.9	11.25	11.19	11.1	11.12	11.2
GTF2IRD1	9.4	9.03	4.01	9.51	9.38	8.78
GTF2IRD2	7.77	8.14	8.46	8.29	8.68	8.78
GTF2IRD2B	5.83	6.64	6.8	6.7	7.38	7.4
GTF3A	10.87	11.09	11.52	10.97	10.99	10.53
GZF1	8.72	8.94	9.04	8.76	9.27	8.75
HAND1	2.92	0.42	0.0	0.8	0.56	1.01
HAND2	5.72	2.94	0.0	3.66	3.91	4.66
HBP1	10.73	10.68	10.45	10.62	10.36	11.09
HDX	4.99	5.06	2.65	4.76	5.48	5.39
HELT	0.04	0.06	0.0	0.15	0.15	0.84
HES1	7.4	9.51	2.47	10.0	9.07	10.17
HES2	5.11	3.65	1.28	5.7	3.75	4.91
HES3	0.24	0.06	0.0	0.08	0.06	0.01
HES4	6.48	4.81	0.53	6.35	6.75	5.16
HES5	1.6	1.16	0.39	2.26	4.55	1.58
HES6	6.76	8.64	6.14	7.91	10.24	6.02
HES7	1.15	1.31	0.0	1.3	2.46	0.68
HESX1	3.52	3.59	5.26	3.49	4.13	3.27
HEY1	6.63	9.34	1.15	7.77	9.87	7.38
HEY2	6.64	6.89	0.81	6.56	7.56	6.77
HEYL	9.15	7.81	5.75	8.36	7.9	8.3
HHEX	7.98	7.24	10.36	7.09	6.63	7.69
HIC1	7.42	6.69	5.1	6.85	6.3	7.49
HIC2	9.68	7.76	9.06	7.42	7.5	7.23
HIF1A	11.13	11.19	11.28	11.66	11.73	11.62
HIF3A	6.06	3.61	1.02	5.15	6.41	7.29
HINFP	8.47	8.01	8.91	8.43	8.75	8.15
HIVEP1	9.1	9.06	9.27	9.08	8.65	9.33
HIVEP2	8.97	9.34	9.43	9.64	9.44	9.99
HIVEP3	7.06	8.67	8.91	7.46	7.3	7.7
HKR1	10.77	9.15	9.39	9.25	9.38	9.11
HLF	8.68	4.48	3.49	7.03	7.9	9.79
HLX	7.32	8.05	8.35	7.12	7.05	7.14
HMBOX1	6.33	6.74	8.45	6.17	6.15	6.57
HMG20A	10.35	10.58	10.1	9.64	9.95	9.65
HMG20B	10.4	11.58	9.8	10.59	10.31	10.2
HMGA1	12.12	12.38	11.58	11.39	10.87	10.02
HMGA2	1.97	7.23	2.92	5.04	4.37	2.71
HMGN3	10.55	9.71	10.31	10.24	10.23	10.25
HMX1	2.16	0.52	0.0	1.28	4.19	0.34
HMX2	0.62	0.69	0.0	0.85	0.82	0.99
HMX3	0.27	0.3	0.0	0.34	0.47	0.43
HNF1A	5.23	4.31	4.3	5.87	5.29	5.91
HNF1B	5.87	0.61	0.0	4.84	2.18	6.37
HNF4A	3.18	0.76	0.0	3.75	1.97	4.7
HNF4G	2.02	2.46	0.0	5.18	5.07	5.32
HOMEZ	7.99	8.28	8.37	8.52	7.93	8.62
HOPX	6.81	5.64	7.74	8.35	9.16	8.89
HOXA10	3.48	6.77	7.78	6.92	5.71	5.98
HOXA11	1.75	5.67	2.9	4.57	3.61	3.7
HOXA1	5.86	5.67	4.17	4.51	3.11	4.17
HOXA13	1.69	3.49	0.6	3.53	3.54	2.52
HOXA2	3.53	3.09	3.81	3.54	2.65	4.48
HOXA3	6.36	6.03	6.14	6.07	4.21	6.51
HOXA4	5.45	5.91	5.0	5.21	3.88	6.27
HOXA5	3.64	5.22	5.9	4.98	3.66	6.19
HOXA6	1.83	3.12	4.84	2.68	1.88	3.56
HOXA7	6.11	5.27	6.05	5.74	4.64	6.64
HOXA9	3.01	3.27	8.22	5.19	3.4	5.49
HOXB13	2.21	5.3	0.0	4.12	3.16	2.25
HOXB1	2.77	0.08	0.0	0.38	0.03	0.31
HOXB2	8.85	7.06	6.41	7.13	5.48	7.28
HOXB3	8.4	7.05	8.11	7.46	5.72	7.52
HOXB4	7.16	6.49	6.47	5.82	4.07	6.13
HOXB5	6.73	5.02	4.33	5.3	3.39	5.5
HOXB6	4.89	6.18	4.88	6.17	4.09	6.27
HOXB7	8.3	8.23	3.03	7.13	5.27	6.45
HOXB8	5.28	4.88	1.94	4.32	2.69	4.25
HOXB9	4.98	5.39	2.29	4.99	3.34	4.15
HOXC10	5.96	7.36	0.0	4.84	3.59	3.72
HOXC11	1.4	4.43	0.0	3.3	2.06	1.66
HOXC12	0.09	1.06	0.0	0.42	0.21	0.02
HOXC13	2.02	5.56	0.0	3.4	2.06	1.26
HOXC4	6.06	7.04	1.29	5.44	5.5	4.74
HOXC5	4.41	5.38	0.0	3.69	3.05	3.19
HOXC6	6.38	7.7	0.41	5.44	3.66	4.51
HOXC8	4.63	6.11	0.0	3.98	2.79	3.19
HOXC9	6.5	6.94	0.0	4.37	2.9	3.35
HOXD10	3.53	3.12	0.0	4.5	3.89	4.56
HOXD11	1.63	1.93	0.0	3.16	2.87	3.02
HOXD12	0.09	0.94	0.0	0.26	0.38	0.22
HOXD1	5.61	5.15	0.0	4.44	4.43	4.6
HOXD13	1.85	6.09	0.0	2.73	2.89	1.56
HOXD3	4.7	5.2	0.0	3.91	4.36	4.04
HOXD4	4.43	5.23	0.0	3.63	3.58	3.75
HOXD8	6.79	7.31	0.31	6.22	5.31	6.63
HOXD9	6.72	7.03	0.0	6.12	5.16	6.0
HSF1	10.86	11.3	10.11	10.98	10.59	10.48
HSF2	8.83	8.1	8.57	8.19	8.59	8.08
HSF4	6.28	7.54	5.54	7.07	7.22	5.98
HSF5	2.4	1.31	5.47	1.15	1.11	1.37
HSFX1	0.0	0.0	0.0	0.0	0.0	0.0
HSFX2	5.13	4.36	3.88	4.68	4.71	4.72
HSFY2	0.73	0.12	0.0	0.33	0.41	0.42
ID1	8.35	6.96	4.87	9.74	9.5	10.66
ID2	9.15	8.91	9.31	10.35	11.17	11.0
ID3	9.11	8.57	3.71	10.06	10.74	10.56
IKZF1	8.53	7.8	12.24	7.54	7.26	7.81
IKZF2	6.87	6.18	8.2	7.65	6.73	7.87
IKZF3	4.07	4.26	6.08	3.67	1.94	4.03
IKZF4	7.9	7.73	7.99	7.73	7.81	7.91
IKZF5	8.85	8.15	9.74	8.74	8.9	9.11
INSM1	4.25	1.71	0.0	2.79	5.58	2.02
INSM2	4.24	1.05	0.0	0.93	2.35	0.37
IRF1	10.09	9.94	10.76	10.12	9.12	10.23
IRF2	8.95	9.5	9.65	9.6	9.29	9.8
IRF3	9.96	10.03	10.48	10.14	9.7	9.6
IRF4	6.35	9.91	7.2	5.57	4.15	6.04
IRF5	8.01	7.69	10.41	8.12	7.9	7.84
IRF6	6.97	3.8	1.59	8.76	4.4	9.4
IRF7	9.41	9.07	9.07	9.05	8.44	8.3
IRF8	8.55	7.89	9.56	7.91	7.81	8.58
IRF9	10.7	10.2	9.49	10.39	10.22	10.03
IRX1	4.39	2.77	1.08	2.56	3.79	4.47
IRX2	2.94	3.57	0.0	5.2	3.95	6.81
IRX3	5.18	7.14	3.75	7.36	5.61	7.57
IRX4	5.18	0.71	0.0	2.38	0.76	1.93
IRX5	4.91	6.25	2.06	5.67	4.19	5.54
IRX6	5.06	6.32	0.0	2.97	1.06	4.3
ISL1	4.14	2.13	0.0	2.35	1.05	2.34
ISL2	3.48	2.47	0.6	2.51	3.03	1.62
ISX	0.11	0.22	0.0	1.42	0.66	1.55
JAZF1	9.09	9.14	7.9	8.37	9.16	8.85
JDP2	7.94	7.79	8.77	8.59	8.44	9.24
JRK	9.4	9.35	10.14	8.62	8.9	8.4
JRKL	7.06	8.07	8.76	8.24	8.08	8.11
JUN	10.23	10.8	10.99	12.03	11.96	13.09
JUNB	11.11	10.71	11.65	11.68	11.11	12.47
JUND	11.78	10.9	10.84	11.39	11.37	12.05
KCMF1	10.05	10.25	9.96	10.35	10.2	10.18
KCNIP3	6.44	7.72	2.41	6.66	7.86	7.07
KDM2A	11.33	11.2	12.25	11.46	11.0	11.39
KDM2B	9.98	9.73	10.71	9.5	9.71	9.17
KDM5B	10.99	10.87	11.8	10.82	10.24	10.33
KIN	7.88	7.77	8.38	7.75	7.49	7.63
KLF10	10.31	9.64	10.87	10.32	9.69	11.33
KLF1	1.69	1.53	6.48	1.43	2.03	0.76
KLF11	9.8	8.7	8.74	8.95	7.98	9.85
KLF12	8.71	8.64	7.67	8.24	9.26	8.73
KLF13	11.42	10.83	12.01	10.89	10.98	11.33
KLF14	1.52	3.76	0.0	1.09	0.35	1.31
KLF15	5.93	7.44	1.05	6.41	8.6	8.38
KLF16	9.98	9.45	9.07	9.17	8.97	8.54
KLF17	2.21	2.66	1.5	1.4	2.08	1.56
KLF2	8.82	7.91	9.18	8.15	7.66	9.6
KLF3	9.21	9.82	10.71	10.63	10.26	11.04
KLF4	9.78	7.86	9.08	9.14	7.47	10.8
KLF5	7.27	6.7	5.05	9.8	6.87	10.35
KLF6	10.42	11.33	13.17	11.4	10.81	12.6
KLF7	6.52	6.11	7.29	6.35	6.22	6.69
KLF8	7.38	4.82	5.94	6.62	5.33	7.56
KLF9	9.83	9.41	8.29	9.87	10.63	11.51
L3MBTL3	7.59	7.17	8.48	7.58	7.1	7.67
L3MBTL4	5.79	5.91	3.81	5.91	6.52	7.29
LBX1	1.23	0.98	0.0	0.45	1.15	0.32
LBX2	2.26	4.91	3.13	3.47	3.02	2.29
LCOR	5.95	5.48	8.49	6.04	5.23	6.6
LCORL	5.97	6.21	7.08	6.11	6.51	6.34
LEF1	7.11	10.47	6.92	7.81	7.87	6.67
LEUTX	0.14	0.03	0.0	0.05	0.06	0.01
LHX1	2.77	1.77	0.0	1.22	2.22	1.41
LHX2	2.54	4.88	0.0	2.95	6.79	1.12
LHX3	0.68	0.18	0.0	0.74	1.38	0.19
LHX4	1.88	1.92	4.54	2.3	2.8	1.99
LHX5	0.18	0.11	0.0	0.87	1.27	0.17
LHX6	6.88	5.92	3.97	5.77	5.37	6.36
LHX8	1.34	0.72	0.0	0.9	0.19	0.59
LHX9	2.57	0.83	0.0	1.64	3.57	1.26
LIN28A	6.17	2.04	3.8	0.72	0.67	0.23
LIN28B	5.77	2.07	0.0	1.25	1.32	0.16
LIN54	8.01	8.3	8.88	8.43	8.47	8.44
LMX1A	0.52	0.5	0.0	1.04	0.95	1.72
LMX1B	3.63	4.48	1.27	3.63	1.78	4.04
LTF	6.09	4.47	5.22	7.41	7.05	9.7
LYL1	7.1	6.73	10.37	6.2	6.32	6.39
MAF	9.72	9.77	6.74	9.74	9.8	10.44
MAFA	1.06	0.32	0.0	0.68	0.77	0.65
MAFB	9.05	9.45	7.6	9.57	9.99	9.84
MAFF	8.17	9.57	7.76	9.08	8.4	9.93
MAFG	10.1	10.24	11.54	9.54	9.89	9.41
MAFK	8.83	9.7	9.96	9.81	9.35	9.99
MAX	10.24	10.58	11.08	10.34	10.09	10.31
MAZ	12.22	12.36	12.34	12.19	12.22	11.31
MBD1	9.97	10.16	10.48	10.0	10.08	10.03
MBD2	9.75	10.05	9.95	10.36	9.53	10.52
MBD3	11.6	11.12	10.57	10.89	11.29	10.59
MBD4	9.51	9.15	10.36	9.54	9.34	9.45
MBD6	10.64	10.58	10.78	10.55	10.01	10.27
MBNL2	8.82	10.38	8.96	10.13	10.13	11.0
MECOM	6.84	6.24	2.21	8.74	7.66	9.7
MECP2	10.67	10.88	11.0	10.34	10.5	10.58
MEF2A	9.75	10.29	10.49	10.11	10.25	10.68
MEF2B	6.01	4.91	4.08	5.11	5.04	4.44
MEF2C	8.92	9.7	10.55	8.73	9.59	9.64
MEF2D	10.87	11.17	11.73	10.57	10.46	10.84
MEIS1	6.94	6.88	8.35	7.91	8.33	8.48
MEIS2	6.0	7.96	2.07	7.61	8.53	8.65
MEIS3	6.83	6.85	1.01	6.81	8.24	6.18
MEOX1	4.93	4.79	1.95	4.53	2.58	5.56
MEOX2	4.12	5.31	0.0	4.25	4.1	5.98
MESP1	4.98	4.71	2.51	5.23	6.08	4.82
MESP2	3.91	2.77	0.47	3.39	2.95	2.48
MGA	9.97	9.7	11.46	9.63	9.45	9.75
MIER3	9.17	8.67	9.18	8.95	9.1	9.24
MITF	7.58	11.62	7.22	7.83	7.45	9.05
MIXL1	2.25	1.18	0.19	0.77	0.64	0.6
MKX	2.32	1.43	1.35	4.41	4.61	4.92
MLX	9.8	10.36	9.83	10.22	10.01	10.34
MLXIP	10.18	10.49	11.55	9.85	9.41	10.21
MLXIPL	5.96	3.29	1.8	6.21	6.87	7.01
MNT	9.32	9.79	9.81	9.32	9.3	9.11
MNX1	5.77	2.31	0.0	3.43	2.85	1.66
MSC	8.79	8.49	2.57	7.02	5.97	6.41
MSGN1	0.04	0.04	0.0	0.2	0.16	0.1
MSX1	5.06	6.35	0.91	6.37	7.42	5.73
MSX2	5.24	5.27	0.0	5.5	4.56	4.83
MTF1	8.6	8.53	9.86	8.78	8.69	9.13
MTF2	9.29	8.59	10.68	8.79	8.61	8.53
MXD1	7.77	7.9	10.98	9.11	8.67	9.29
MXD3	8.03	7.88	8.27	7.83	8.11	6.68
MXD4	11.16	10.69	10.42	10.66	10.95	10.85
MXI1	8.98	10.48	9.02	9.81	10.3	10.39
MYB	5.25	4.93	12.57	6.43	4.86	5.58
MYBL1	6.97	7.36	6.85	6.62	7.18	5.8
MYBL2	10.41	9.73	9.69	9.01	8.83	5.22
MYC	8.85	11.25	11.45	10.6	10.12	10.67
MYCN	9.66	4.25	6.98	5.04	6.82	4.2
MYF5	0.0	0.12	0.0	0.17	0.0	0.23
MYF6	0.0	0.41	0.0	0.52	0.21	0.91
MYNN	8.08	8.1	8.69	8.62	8.63	8.64
MYOD1	1.04	0.81	0.0	0.67	0.84	0.27
MYOG	0.04	0.23	0.0	0.59	1.23	0.56
MYPOP	7.47	7.57	7.04	7.43	7.46	7.0
MYSM1	5.89	6.56	8.96	6.39	5.8	6.65
MYT1	6.05	3.51	2.18	3.3	5.68	2.24
MYT1L	3.15	0.76	0.0	1.26	4.62	0.99
MZF1	8.41	7.93	9.66	8.35	8.35	8.18
NACC2	5.42	6.73	5.67	5.94	7.01	6.31
NAIF1	7.71	8.07	7.75	7.78	7.63	7.66
NANOG	7.37	0.58	2.5	1.06	0.96	0.91
NCOA1	10.65	9.9	10.94	10.21	10.58	10.74
NCOA2	8.12	8.68	9.85	8.61	8.26	9.37
NCOA3	10.05	10.1	11.09	10.28	9.66	10.23
NEUROD1	0.67	0.21	0.0	0.99	3.56	0.96
NEUROD2	0.44	0.2	1.76	0.95	3.94	0.41
NEUROD4	2.4	0.15	0.0	0.56	1.8	0.09
NEUROD6	0.11	0.01	0.0	0.3	2.12	0.11
NEUROG1	3.08	0.01	0.0	0.2	0.13	0.02
NEUROG2	0.95	1.38	0.0	0.98	1.85	0.8
NEUROG3	0.21	0.49	0.0	0.45	0.67	0.52
NFAT5	10.04	10.3	11.53	10.38	10.15	10.86
NFATC1	8.1	8.84	9.0	8.07	7.58	8.62
NFATC2	4.8	6.82	7.38	5.1	4.72	6.4
NFATC3	9.26	9.4	10.94	9.18	8.79	9.6
NFATC4	9.41	7.98	3.06	8.76	8.66	8.59
NFE2	5.44	3.52	11.9	3.87	3.43	3.82
NFE2L1	12.91	13.0	11.45	12.81	12.5	13.11
NFE2L2	10.34	11.29	10.52	11.38	11.12	11.91
NFE2L3	9.76	9.03	8.81	8.95	7.54	7.78
NFIA	8.71	8.93	5.8	9.99	10.57	10.65
NFIB	9.47	8.86	2.57	10.26	10.92	11.05
NFIC	7.31	9.56	9.2	9.2	9.43	10.01
NFIL3	8.71	8.41	9.64	9.21	9.33	9.88
NFIX	8.55	10.64	9.63	10.92	12.43	11.43
NFKB1	9.07	10.23	10.74	10.16	9.46	10.48
NFKB2	10.91	10.18	8.7	10.1	9.1	9.74
NFX1	10.16	9.79	10.54	9.93	9.79	10.1
NFXL1	7.95	7.35	8.48	7.83	7.61	7.64
NFYA	9.62	10.01	10.73	9.7	9.54	9.44
NFYB	9.38	8.4	9.35	9.4	9.56	9.55
NFYC	10.06	10.27	10.03	10.07	9.86	10.09
NHLH1	3.75	2.32	3.9	2.42	4.07	1.7
NHLH2	0.49	0.64	0.0	1.33	2.32	1.24
NKRF	8.95	8.88	9.16	8.55	8.53	8.12
NKX1-2	1.42	0.06	0.0	0.33	0.28	0.11
NKX2-1	0.0	0.8	0.0	2.37	2.13	2.97
NKX2-2	2.04	2.78	0.0	1.67	5.96	0.73
NKX2-3	0.51	0.94	3.63	1.84	0.62	1.81
NKX2-4	0.46	1.69	0.0	0.4	0.33	0.05
NKX2-5	1.19	2.33	0.0	1.52	3.0	0.55
NKX2-6	0.0	0.38	0.0	0.08	0.04	0.04
NKX2-8	0.43	2.01	0.0	2.06	1.79	1.95
NKX3-1	4.23	4.56	3.3	6.19	5.56	6.87
NKX3-2	1.04	3.69	0.0	2.92	3.14	1.83
NKX6-1	1.33	2.42	0.0	2.03	2.62	1.14
NKX6-2	0.81	0.06	0.0	0.79	5.02	0.79
NKX6-3	2.18	0.09	0.0	0.32	0.12	0.14
NME2	12.48	13.06	11.97	12.87	12.42	12.17
NOBOX	0.23	0.01	0.0	0.14	0.06	0.03
NOTO	1.53	0.07	0.0	0.27	0.11	0.23
NPAS1	5.74	4.32	2.16	3.78	4.63	3.19
NPAS2	7.11	9.63	1.33	8.78	8.7	8.61
NPAS3	4.28	5.44	0.29	4.97	8.38	5.38
NPAS4	4.25	0.44	0.0	1.24	2.21	2.13
NR0B1	3.45	2.56	0.0	1.58	3.03	0.94
NR1D1	8.95	9.25	7.03	9.17	9.14	8.87
NR1D2	10.05	9.39	8.9	9.85	10.04	10.36
NR1H2	10.89	10.94	9.95	10.67	10.4	10.76
NR1H3	9.0	8.91	8.87	8.73	8.68	9.09
NR1H4	2.95	0.66	0.0	2.49	2.01	4.05
NR1I2	1.85	1.82	6.24	3.13	3.0	3.44
NR1I3	4.31	3.53	4.13	3.41	4.11	4.1
NR2C1	8.71	7.9	9.67	8.47	8.58	8.51
NR2C2	9.34	9.92	11.22	9.61	9.92	9.84
NR2E1	0.23	1.63	0.0	1.78	5.68	0.83
NR2E3	1.76	1.16	2.46	1.89	2.0	2.03
NR2F1	5.59	6.72	1.22	7.46	9.27	8.65
NR2F2	9.34	10.08	2.11	9.91	8.95	10.66
NR2F6	10.18	9.62	6.91	10.09	9.37	9.74
NR3C1	9.66	10.15	11.11	9.93	10.32	10.89
NR3C2	7.09	5.82	4.92	7.1	7.28	9.47
NR4A1	10.66	10.99	8.51	10.47	9.74	12.37
NR4A2	6.27	8.33	9.11	7.74	6.94	9.19
NR4A3	6.38	7.47	5.1	6.63	6.87	8.72
NR5A1	4.48	0.91	2.97	1.28	1.28	0.47
NR5A2	5.93	5.41	2.53	5.93	5.65	6.96
NR6A1	5.59	3.28	4.75	3.25	3.0	3.24
NRF1	9.23	8.57	8.93	8.61	8.7	8.54
NRL	6.37	4.75	4.28	5.0	5.31	5.31
OLIG1	1.65	5.46	6.3	2.32	8.12	2.37
OLIG2	0.63	3.49	2.27	1.42	7.56	0.47
OLIG3	0.0	0.04	0.0	0.37	0.29	0.13
ONECUT1	0.62	2.29	0.0	1.02	1.35	0.73
ONECUT2	3.9	4.49	1.48	5.3	6.0	3.78
ONECUT3	0.36	0.03	0.0	0.42	0.36	0.17
OSR1	4.11	2.88	0.0	4.99	5.1	6.58
OSR2	4.16	4.5	1.36	6.03	4.58	6.28
OTP	0.88	0.79	0.0	0.72	1.79	0.16
OTX1	0.41	4.45	0.38	4.12	4.44	1.92
OTX2	4.38	0.18	0.0	0.61	0.34	0.12
OVOL1	3.53	2.41	1.6	6.63	2.85	6.59
OVOL2	4.02	0.85	0.0	5.72	1.93	6.14
PA2G4	11.9	12.0	12.14	11.8	11.54	11.3
PATZ1	10.72	10.23	10.38	10.2	10.36	9.95
PAX1	0.93	0.86	0.0	1.61	2.41	1.35
PAX2	5.97	0.64	0.0	2.6	2.4	3.05
PAX3	0.51	9.33	0.0	1.3	1.49	0.93
PAX4	1.83	0.04	0.0	0.23	0.11	0.21
PAX5	4.32	2.88	5.94	2.24	1.28	2.22
PAX6	4.85	4.82	5.86	5.91	7.91	5.89
PAX7	0.88	0.6	0.0	1.32	1.73	0.56
PAX8	6.83	5.61	4.17	7.29	5.62	7.9
PAX9	2.18	3.95	0.0	5.07	2.3	4.29
PBX1	10.41	7.18	3.64	10.44	10.77	11.24
PBX2	11.09	10.61	11.25	10.33	10.0	10.26
PBX3	9.54	8.03	9.16	8.68	8.92	9.02
PBX4	5.94	3.91	3.31	4.53	4.42	3.92
PCGF2	10.16	10.49	1.22	9.74	9.59	9.26
PCGF6	7.92	7.01	7.84	7.4	7.65	7.27
PDX1	0.0	0.38	0.0	2.03	1.34	1.14
PEG3	9.27	4.59	2.38	6.23	8.28	8.38
PGR	4.21	2.56	0.07	5.45	3.92	7.59
PHF1	10.48	10.53	9.66	10.11	10.23	10.28
PHF19	9.49	10.14	10.41	9.19	9.82	8.57
PHF20	9.65	10.06	10.43	9.96	10.02	9.89
PHF21A	9.67	9.62	11.09	9.59	9.98	9.51
PHOX2A	5.78	0.43	0.43	0.83	1.44	0.63
PHOX2B	3.33	0.16	0.0	0.48	0.28	0.63
PIN1	10.38	9.92	8.9	9.71	10.38	9.49
PINX1	7.88	7.86	6.31	6.91	6.96	6.73
PITX1	5.75	2.44	0.79	6.88	6.25	4.46
PITX2	2.14	4.17	0.0	3.8	2.23	3.09
PITX3	2.41	0.54	0.0	0.87	0.9	0.6
PKNOX1	9.01	8.77	9.23	8.9	8.86	8.88
PKNOX2	4.43	8.66	0.2	5.04	7.29	6.91
PLAG1	7.26	6.53	5.72	5.91	5.47	6.14
PLAGL1	6.64	6.17	10.98	7.58	6.61	8.59
PLAGL2	9.22	9.31	10.35	9.48	9.09	9.12
PLSCR1	9.36	9.81	9.48	10.0	9.44	10.07
POGK	10.01	10.85	10.21	10.54	10.67	10.21
POU1F1	0.0	0.12	0.0	0.21	0.18	0.27
POU2AF1	6.15	6.38	7.28	5.82	3.59	6.36
POU2F1	6.29	6.41	7.46	6.33	6.14	6.25
POU2F2	7.03	6.4	9.68	6.04	6.2	6.02
POU2F3	3.04	1.41	0.29	4.74	2.75	5.23
POU3F1	4.16	5.75	0.18	3.4	3.8	2.93
POU3F2	2.58	5.79	0.0	1.8	7.15	0.41
POU3F3	2.29	3.97	0.0	2.26	6.29	2.46
POU3F4	0.1	0.2	0.0	0.73	3.88	1.06
POU4F1	1.95	3.25	3.17	1.92	3.61	0.77
POU4F2	0.59	0.16	0.0	0.22	0.64	0.09
POU4F3	0.39	0.82	0.0	0.68	0.96	0.58
POU5F1	9.05	1.53	2.89	3.91	2.37	3.42
POU5F1B	7.86	2.87	2.48	4.39	2.78	3.8
POU5F2	0.59	0.36	2.68	0.36	0.36	0.22
POU6F1	8.96	7.22	6.44	7.35	8.56	7.89
POU6F2	2.6	0.74	0.0	1.37	1.14	0.82
PPARA	8.2	9.15	9.56	9.19	8.99	10.05
PPARD	10.57	10.45	7.65	10.31	10.24	10.12
PPARG	8.05	5.91	4.21	7.39	5.99	8.96
PRDM10	7.52	7.53	8.88	7.82	7.79	7.81
PRDM12	1.27	0.91	0.94	1.59	2.14	0.71
PRDM13	2.48	3.28	0.0	1.06	1.34	0.15
PRDM14	4.66	0.03	0.0	0.19	0.01	0.15
PRDM15	8.29	8.19	8.81	7.77	7.7	7.25
PRDM1	9.66	7.74	7.64	8.5	7.42	8.49
PRDM16	4.82	3.81	5.13	5.11	6.47	7.24
PRDM2	9.73	9.9	11.21	9.86	9.75	10.24
PRDM4	9.6	9.59	9.59	9.6	9.33	9.63
PRDM5	3.64	4.78	0.73	4.9	5.75	5.99
PRDM6	3.63	2.15	0.03	4.08	3.24	4.88
PRDM8	5.33	4.38	8.65	4.96	6.38	5.61
PRDM9	0.72	0.7	0.0	0.3	0.24	0.08
PREB	10.82	10.49	9.86	10.47	10.37	10.18
PRMT3	7.96	8.42	8.88	8.45	8.9	7.98
PROP1	0.0	0.14	0.48	0.12	0.2	0.09
PROX1	2.82	4.05	0.0	3.99	5.59	5.77
PROX2	1.3	0.82	2.64	1.0	1.12	0.93
PRR12	10.51	10.5	10.23	10.06	9.76	9.72
PRRX1	7.14	9.41	1.02	8.8	9.93	8.41
PRRX2	5.37	5.27	0.0	5.48	3.66	4.94
PTF1A	1.01	0.21	0.0	0.36	0.71	0.31
PURA	8.11	8.42	7.94	8.26	8.25	8.72
PURB	9.98	10.56	11.06	10.75	10.98	10.67
PURG	3.49	1.31	1.78	2.38	5.31	2.64
RAG1	3.92	4.94	5.05	4.92	3.89	5.68
RARA	9.98	10.51	9.52	10.07	10.0	10.06
RARB	7.74	6.96	4.21	6.84	6.77	7.89
RARG	8.37	10.06	7.1	9.55	8.31	9.23
RAX2	0.09	0.03	0.0	0.16	0.24	0.33
RAX	1.18	0.34	0.0	0.5	0.75	0.09
RBAK	8.65	8.86	9.22	8.85	8.86	8.65
RBCK1	10.47	11.07	10.52	11.03	10.9	10.59
RBPJ	9.96	9.35	9.9	9.22	9.5	9.29
RBPJL	1.22	0.4	0.0	0.47	0.7	0.28
RCOR1	9.85	9.5	10.8	9.77	9.31	9.79
RCOR2	6.94	5.27	3.64	5.88	8.08	4.01
RCOR3	10.0	9.32	10.58	9.59	9.61	9.67
REL	4.93	5.46	8.43	5.79	4.77	6.42
RELA	10.32	11.1	10.52	11.05	11.07	10.96
RELB	8.58	8.82	7.57	8.86	8.25	8.43
REPIN1	10.77	11.25	10.72	11.12	11.35	10.79
RERE	11.65	11.55	11.35	11.41	11.33	11.82
REST	7.38	7.67	9.48	7.56	6.98	8.16
REXO4	9.86	9.6	9.24	9.43	9.4	8.95
RFX1	9.34	8.92	8.63	8.76	8.52	8.63
RFX2	7.48	6.42	7.99	7.34	7.92	7.82
RFX3	5.41	5.38	7.18	5.61	5.8	5.68
RFX4	1.16	1.15	1.06	1.38	7.21	1.06
RFX5	9.83	10.44	10.78	10.08	10.02	9.76
RFX6	2.61	0.25	0.0	1.02	0.41	1.38
RFX7	9.17	9.05	10.71	8.89	9.11	8.8
RFX8	2.47	2.05	8.37	2.27	2.4	1.45
RHOXF1	2.11	0.6	1.44	1.3	1.48	1.45
RHOXF2B	1.97	0.49	3.17	0.52	0.52	0.3
RLF	9.05	9.03	10.23	9.08	9.01	9.15
RORA	8.52	6.86	7.74	8.31	8.62	9.38
RORB	2.78	1.91	0.76	2.57	4.85	3.67
RORC	7.97	4.26	2.87	7.57	4.21	9.38
RREB1	8.89	9.83	11.71	9.82	8.31	10.25
RUNX1	8.99	9.76	13.07	10.24	8.96	9.56
RUNX2	5.96	7.41	11.06	7.4	6.59	6.7
RUNX3	8.1	10.13	10.14	7.88	6.67	7.59
RXRA	10.12	10.37	10.36	10.9	10.78	11.41
RXRB	9.94	10.3	10.53	10.06	10.34	10.09
RXRG	4.77	7.98	0.0	2.98	4.13	4.25
SAFB2	10.86	10.64	11.08	10.57	10.73	10.43
SAFB	11.58	11.33	11.17	10.96	10.94	10.62
SALL1	6.39	4.09	0.0	6.0	8.94	6.5
SALL2	9.33	7.46	4.05	7.76	9.75	8.27
SALL3	2.04	0.53	0.0	1.48	5.26	1.48
SALL4	6.72	4.7	3.55	4.54	3.45	2.66
SATB1	8.21	8.63	11.99	8.71	9.28	9.72
SATB2	5.22	7.93	4.59	7.29	8.76	7.13
SCMH1	9.17	9.79	10.21	9.63	9.23	9.81
SCML4	6.3	6.02	6.96	4.18	2.92	4.75
SCRT1	4.52	1.0	0.85	1.62	5.05	0.73
SCRT2	1.62	0.21	0.0	0.68	3.07	0.06
SCXB	3.39	1.52	1.84	2.78	2.75	1.77
SEBOX	0.09	0.05	0.0	0.14	0.19	0.23
SETBP1	7.38	7.73	6.77	8.06	8.55	9.35
SETDB1	10.36	10.18	10.8	9.93	9.99	9.47
SETDB2	8.27	9.03	10.26	8.11	7.73	8.58
SGSM2	10.47	10.54	10.9	10.08	10.61	10.09
SHOX2	3.65	6.25	1.48	4.11	4.64	2.62
SHOX	0.82	0.29	0.0	0.36	0.26	0.56
SIM1	1.13	0.48	0.0	1.37	0.54	2.97
SIM2	4.36	5.13	3.83	6.46	6.54	6.22
SIX1	3.6	5.87	0.84	6.31	6.59	4.55
SIX2	5.68	3.2	1.0	4.88	3.87	4.03
SIX3	2.47	1.09	0.72	1.56	1.86	0.94
SIX4	6.44	5.22	0.5	6.88	6.39	5.96
SIX5	8.67	9.04	4.66	8.96	8.24	8.9
SIX6	0.25	0.94	0.0	0.51	1.22	0.23
SKI	10.39	11.28	10.16	10.81	11.02	11.07
SKIL	8.06	7.67	7.59	8.82	8.24	8.82
SLC2A4RG	9.92	9.84	9.16	10.43	9.81	10.34
SMAD1	7.68	7.75	8.62	9.25	9.81	9.4
SMAD2	10.57	10.77	11.0	10.63	10.55	10.79
SMAD3	10.21	9.84	10.23	10.45	10.34	10.7
SMAD4	9.96	10.28	10.95	10.43	10.63	10.92
SMAD5	10.05	10.12	9.82	10.28	10.32	10.46
SMAD9	5.19	3.57	1.23	4.89	5.64	6.51
SMYD3	8.33	8.28	8.2	8.12	8.29	7.58
SNAI1	7.65	6.32	5.53	6.26	5.37	6.67
SNAI2	6.27	9.44	2.05	7.85	7.31	8.19
SNAI3	5.46	4.4	6.99	4.53	4.54	4.69
SNAPC2	9.31	9.35	7.31	8.72	8.97	8.38
SNAPC4	9.45	8.66	9.18	8.65	8.86	8.18
SNAPC5	7.01	6.97	6.33	6.68	6.98	6.8
SOHLH1	0.69	0.83	0.0	1.18	2.02	0.21
SOHLH2	3.95	2.29	4.17	2.97	3.97	3.05
SON	12.49	12.3	13.56	12.14	12.06	12.41
SOX10	2.98	12.41	3.46	2.91	6.46	4.73
SOX11	3.78	3.24	0.0	4.35	7.94	1.98
SOX12	9.52	10.15	9.4	9.5	10.04	8.44
SOX13	10.41	10.81	4.85	9.62	9.73	9.82
SOX14	0.05	0.03	0.0	0.58	0.03	0.25
SOX15	7.92	3.6	4.52	5.28	6.12	5.23
SOX1	1.08	2.02	0.0	1.41	4.93	0.34
SOX17	9.05	4.69	0.0	6.04	5.78	6.98
SOX18	7.87	6.94	2.57	7.19	6.93	7.73
SOX21	0.35	0.78	0.0	3.24	6.38	2.31
SOX2	3.06	5.09	0.0	4.88	9.41	3.72
SOX30	2.73	1.86	1.35	2.36	1.77	2.51
SOX3	0.34	0.19	0.0	1.08	4.81	0.69
SOX4	11.73	10.86	11.55	11.38	11.26	10.34
SOX5	3.56	7.43	0.61	4.13	6.01	5.66
SOX6	5.1	8.06	4.41	6.64	9.14	7.59
SOX7	6.72	6.2	3.25	6.95	5.72	8.3
SOX8	6.55	7.79	1.94	4.82	8.85	4.53
SOX9	6.46	7.73	0.7	10.05	10.36	9.55
SP100	9.67	10.46	11.49	10.34	9.29	10.62
SP110	8.28	9.12	9.86	8.77	8.29	8.68
SP140	6.3	6.25	7.44	5.68	4.91	5.44
SP140L	7.6	8.06	9.46	8.08	7.16	8.12
SP1	11.09	11.21	12.03	11.25	10.59	11.35
SP2	9.06	9.51	9.21	9.19	9.27	9.44
SP3	10.63	10.42	11.22	10.69	10.53	10.7
SP4	8.12	7.5	8.7	7.6	8.03	7.91
SP5	4.39	2.52	0.0	4.21	4.11	4.13
SP6	6.55	4.09	1.9	6.47	5.05	6.02
SP7	2.91	0.7	1.86	0.97	1.99	0.68
SP8	1.08	1.17	0.0	1.62	2.52	0.56
SP9	0.2	0.31	0.0	0.8	1.98	0.25
SPDEF	1.97	1.69	0.66	5.84	2.88	5.54
SPEN	11.19	10.94	12.2	10.84	10.82	11.0
SPI1	9.06	8.86	10.98	8.44	8.57	8.24
SPIB	5.1	4.63	5.68	3.83	2.45	4.06
SPIC	2.53	0.94	0.66	0.61	0.31	0.58
SPZ1	2.91	0.08	0.0	0.21	0.1	0.0
SRCAP	11.58	11.74	12.61	11.75	11.47	11.56
SREBF1	10.77	11.35	9.94	11.46	11.13	10.99
SREBF2	11.15	12.06	11.55	11.72	11.78	11.98
SRF	10.5	10.63	10.24	10.4	10.16	10.85
SRY	0.63	0.14	0.0	0.34	0.19	0.4
ST18	3.42	1.34	4.26	2.53	4.97	2.24
STAT1	12.26	12.77	11.4	12.23	11.74	11.8
STAT2	11.12	11.72	11.73	10.99	10.81	10.63
STAT3	11.48	12.02	11.85	12.2	12.02	12.55
STAT4	6.77	5.16	6.81	5.47	4.52	5.7
STAT5A	9.72	10.78	12.12	9.48	8.85	9.94
STAT5B	10.66	10.76	12.04	10.54	10.8	11.13
STAT6	10.65	11.89	12.49	11.66	9.85	12.05
T	3.79	0.13	0.0	0.57	0.77	0.31
TAL1	5.39	4.09	8.02	5.28	5.97	6.74
TAL2	1.65	0.72	1.63	1.25	1.29	1.33
TBP	8.54	7.87	8.47	8.07	8.13	7.97
TBPL1	8.51	7.5	8.21	8.15	8.26	8.0
TBPL2	3.88	0.04	0.0	0.15	0.05	0.11
TBR1	0.58	0.29	0.64	0.75	2.9	0.23
TBX10	0.78	0.23	0.4	1.16	0.65	1.27
TBX15	3.34	5.44	0.95	5.22	6.38	4.76
TBX1	5.99	2.95	2.83	4.53	3.51	4.72
TBX18	3.36	5.86	0.69	4.38	4.48	4.11
TBX19	5.43	6.0	7.08	5.87	5.68	5.56
TBX20	1.82	0.71	0.0	0.84	0.54	0.42
TBX21	5.51	4.49	5.25	3.76	3.46	4.15
TBX22	1.1	1.14	0.0	0.52	0.22	1.11
TBX2	8.08	10.22	1.18	8.27	8.7	8.77
TBX3	7.54	8.52	0.65	8.81	6.91	10.06
TBX4	1.6	1.52	0.0	2.61	2.45	2.96
TBX5	2.51	2.78	0.0	3.04	2.77	3.52
TBX6	4.91	5.1	4.87	5.46	5.38	5.09
TCF12	9.98	10.72	10.81	10.52	11.66	10.53
TCF15	5.62	3.11	1.68	3.23	2.67	3.11
TCF20	10.34	10.3	10.62	10.18	9.64	9.98
TCF21	5.5	1.37	0.0	4.17	1.38	7.19
TCF23	0.87	0.17	0.0	0.27	1.05	0.41
TCF3	11.09	10.68	10.91	10.71	10.88	9.77
TCF4	9.97	8.8	10.02	9.95	11.05	10.39
TCF7	8.57	8.52	8.44	8.21	7.71	8.03
TCF7L1	7.58	8.42	4.82	8.39	9.12	9.16
TCF7L2	7.77	8.63	8.65	9.19	9.24	9.66
TCFL5	8.23	8.83	8.06	8.45	8.83	8.2
TEAD1	10.09	11.12	2.71	10.46	10.82	11.02
TEAD2	10.0	9.75	3.82	9.22	8.63	9.08
TEAD3	7.6	8.38	3.76	9.42	7.95	9.58
TEAD4	9.83	8.59	2.9	8.06	7.09	7.47
TEF	10.12	9.07	6.53	9.34	9.6	10.27
TERF1	9.22	8.94	8.93	9.11	9.25	9.07
TERF2	9.2	9.2	9.52	9.25	9.68	9.22
TET1	8.23	5.86	6.73	5.56	6.01	5.23
TET2	8.91	8.23	11.24	8.99	8.89	9.22
TET3	8.73	9.06	11.26	9.39	9.29	8.72
TFAM	8.98	8.59	9.48	9.03	8.77	9.0
TFAP2A	5.61	11.29	0.9	7.61	6.07	6.43
TFAP2B	4.56	2.21	0.0	2.05	1.36	3.85
TFAP2C	9.07	7.45	0.0	6.88	4.32	6.87
TFAP2D	0.0	0.04	0.0	0.23	0.15	0.04
TFAP2E	3.94	5.13	6.66	4.27	5.11	3.5
TFAP4	8.03	8.56	8.39	8.27	7.86	7.36
TFCP2	9.18	8.96	9.79	9.2	9.13	9.07
TFCP2L1	9.54	4.93	3.11	7.99	6.02	9.61
TFDP1	9.96	10.57	11.2	10.78	10.7	10.39
TFDP2	8.62	7.79	9.27	8.3	8.21	8.23
TFDP3	2.73	0.8	0.0	0.69	0.12	0.55
TFE3	9.79	10.43	10.11	10.49	10.76	10.58
TFEB	9.45	8.42	8.29	8.8	9.21	9.08
TFEC	7.01	6.08	11.32	6.33	6.25	6.61
TGIF1	9.25	10.2	9.26	10.36	9.41	10.13
TGIF2	9.75	9.65	10.24	9.3	8.81	8.96
TGIF2LX	1.81	0.56	0.0	0.23	0.31	0.01
TGIF2LY	1.28	0.28	0.0	0.11	0.12	0.01
THAP10	5.98	5.77	2.11	6.19	7.05	6.09
THAP11	9.77	9.47	9.27	9.39	9.59	9.35
THAP1	7.86	7.32	7.67	7.67	7.66	7.79
THAP2	6.4	6.37	6.96	6.83	7.31	6.96
THAP3	8.73	8.47	7.16	8.37	8.44	8.09
THAP4	10.33	10.18	9.16	10.17	9.92	10.15
THAP5	9.23	8.84	8.32	8.99	9.47	9.16
THAP6	8.14	7.8	8.0	8.04	7.84	8.18
THAP7	9.37	8.93	7.23	8.74	8.8	8.47
THAP8	8.31	7.47	6.28	7.19	7.69	6.83
THAP9	7.39	6.24	7.33	6.85	7.05	6.96
THRA	9.54	9.65	9.15	9.69	11.08	10.17
THRB	4.77	5.1	3.16	7.62	8.17	9.4
THYN1	9.17	8.8	9.22	9.38	9.79	9.41
TIGD1	6.84	6.68	8.2	7.11	7.66	6.35
TIGD2	6.65	6.82	7.39	7.23	6.67	7.2
TIGD3	4.43	3.24	4.58	4.13	5.32	3.12
TIGD4	3.96	3.9	2.2	3.44	4.07	3.42
TIGD5	7.53	8.04	6.92	7.83	7.73	6.99
TIGD6	6.92	7.28	6.34	7.25	7.31	7.26
TIGD7	8.37	7.28	7.75	7.62	8.39	7.55
TLX1	1.33	1.23	0.0	2.22	3.17	0.97
TLX2	3.77	1.59	0.0	1.29	1.83	0.52
TLX3	3.32	1.03	0.0	0.91	0.63	0.08
TMF1	9.27	9.68	10.8	9.85	9.48	10.24
TOPORS	9.02	8.65	9.68	8.98	8.96	9.36
TOX2	8.07	6.26	2.72	6.51	6.87	6.74
TOX3	5.05	2.04	0.0	5.85	6.62	6.58
TP53	10.15	10.43	10.81	10.34	10.43	10.0
TP63	4.13	3.98	3.13	6.07	3.31	6.42
TP73	4.19	4.12	3.95	5.36	4.95	3.96
TPRX1	0.55	0.06	0.0	0.11	0.06	0.04
TRAFD1	9.98	9.9	9.73	9.97	9.99	9.78
TRERF1	7.76	7.36	10.31	8.09	7.74	8.04
TRPS1	7.44	7.85	8.3	8.9	8.93	9.07
TSC22D1	11.42	11.84	10.7	12.3	12.75	12.86
TSC22D2	8.17	8.88	9.04	8.9	8.7	9.41
TSC22D3	10.64	10.53	12.8	11.13	11.13	12.09
TSC22D4	10.37	11.22	10.74	10.48	11.45	10.14
TSHZ1	8.63	9.74	9.46	9.29	9.56	9.81
TSHZ2	4.63	4.61	2.91	5.56	4.86	6.75
TSHZ3	7.82	7.16	6.05	7.49	8.12	8.14
TTF1	8.64	8.26	8.91	8.38	8.37	8.28
TUB	8.87	7.01	3.7	7.23	8.86	8.21
TWIST1	5.67	7.43	1.38	5.73	5.87	4.91
TWIST2	2.64	3.15	0.0	3.59	3.2	4.6
UBP1	10.37	10.57	11.04	10.52	10.46	10.65
UBTF	11.79	11.65	11.65	11.53	11.44	11.37
UNCX	0.17	0.02	0.0	0.07	0.37	0.68
USF1	10.09	9.97	10.31	10.0	10.3	9.55
USF2	11.61	11.8	10.82	11.2	11.44	10.97
VAX1	1.43	2.61	0.0	1.03	2.49	0.15
VAX2	3.65	5.15	0.0	3.77	5.81	2.24
VDR	6.88	8.22	7.46	8.53	5.76	8.86
VENTX	8.03	3.43	4.75	3.83	4.33	3.8
VEZF1	9.77	10.2	10.7	10.33	10.77	10.63
VSX1	0.99	0.8	0.0	1.1	1.69	0.86
VSX2	4.84	0.41	0.0	0.61	1.22	0.46
WHSC1	10.61	10.7	11.95	10.69	10.92	9.89
WIZ	10.34	10.54	9.68	10.34	10.55	9.98
WT1	3.14	2.49	6.86	3.42	3.27	3.23
XBP1	11.52	11.54	12.74	12.28	11.01	12.66
XPA	7.99	7.27	7.88	7.9	8.12	8.36
YBX1	12.51	13.42	13.39	12.88	12.99	12.73
YBX2	4.73	3.14	0.92	4.86	3.81	4.55
YY1	10.35	9.89	10.53	10.28	9.91	10.15
YY2	3.6	4.97	5.35	4.26	4.32	4.06
ZBED1	10.31	10.48	10.42	10.6	10.71	10.62
ZBED2	3.4	4.37	4.56	4.48	2.04	4.66
ZBED3	4.21	5.25	5.37	5.01	5.55	5.74
ZBED4	8.52	9.77	10.93	9.22	8.95	8.84
ZBED5	9.83	9.27	10.75	9.7	9.93	9.61
ZBTB10	8.82	8.85	8.93	8.45	8.76	8.96
ZBTB11	9.02	8.91	10.4	9.19	9.14	9.16
ZBTB12	4.96	7.33	7.13	7.02	7.53	6.11
ZBTB1	9.31	9.24	10.68	9.54	9.35	9.69
ZBTB16	4.97	2.46	8.04	4.7	6.3	7.72
ZBTB17	9.43	9.28	9.38	9.05	9.23	8.73
ZBTB20	2.67	3.65	4.13	3.51	4.27	4.45
ZBTB22	8.91	9.15	8.84	9.13	9.36	9.3
ZBTB24	8.98	8.55	8.8	8.32	8.09	8.28
ZBTB25	6.49	6.3	7.83	6.46	6.51	6.39
ZBTB2	9.09	8.55	8.63	8.73	8.28	8.78
ZBTB26	5.75	5.78	7.73	6.05	6.22	6.18
ZBTB32	3.96	3.34	4.03	2.94	2.25	2.42
ZBTB33	8.65	9.71	9.79	9.61	9.7	9.39
ZBTB34	8.43	8.38	10.08	8.16	8.06	8.2
ZBTB37	4.55	5.06	6.04	4.3	4.16	4.67
ZBTB3	7.06	6.54	7.73	6.6	6.83	6.59
ZBTB38	9.73	10.62	8.86	10.46	10.33	11.07
ZBTB39	8.94	8.01	8.82	7.89	7.95	7.69
ZBTB40	9.56	9.76	10.96	9.37	9.26	9.46
ZBTB41	8.5	8.94	8.83	9.19	9.1	8.99
ZBTB42	8.2	7.92	7.15	8.34	7.31	8.43
ZBTB43	9.05	8.45	9.64	8.55	8.45	8.68
ZBTB44	10.25	9.38	11.63	10.12	9.85	10.54
ZBTB4	10.62	10.74	10.33	10.94	10.94	11.66
ZBTB45	8.7	8.41	7.44	8.32	8.27	8.03
ZBTB46	8.48	7.06	7.87	7.27	7.73	7.54
ZBTB47	7.92	9.47	7.74	8.88	10.22	9.34
ZBTB48	9.26	8.51	9.72	8.6	8.5	8.43
ZBTB49	7.21	6.79	6.96	6.52	6.71	6.6
ZBTB5	8.93	8.17	9.34	8.86	8.99	8.88
ZBTB6	8.14	7.77	7.82	8.17	8.48	8.11
ZBTB7A	9.36	9.55	9.82	9.78	9.29	9.98
ZBTB7B	9.57	9.84	9.88	10.4	9.31	10.41
ZBTB7C	5.43	4.2	1.62	7.59	7.71	8.56
ZBTB8A	7.95	6.99	8.06	7.86	7.79	8.07
ZBTB8B	4.84	2.49	0.0	1.96	3.9	1.37
ZBTB9	8.81	8.77	7.72	8.21	8.13	7.75
ZC3H8	7.34	6.92	7.9	7.12	6.95	6.59
ZEB1	9.02	8.32	8.83	8.92	10.56	9.78
ZEB2	9.34	11.17	12.44	9.02	10.41	9.96
ZFAT	8.03	8.46	8.2	7.98	7.6	7.99
ZFHX3	8.58	9.23	9.02	9.66	9.27	9.97
ZFHX4	5.81	6.39	1.85	6.21	8.15	6.51
ZFP1	7.85	7.53	7.45	7.74	8.36	7.88
ZFP14	8.0	7.13	8.45	7.4	7.64	7.49
ZFP2	5.6	3.17	5.22	4.84	5.66	5.65
ZFP28	8.21	6.7	7.28	6.52	7.35	7.25
ZFP30	8.48	6.73	7.67	7.41	8.06	7.34
ZFP3	7.78	6.83	7.81	7.36	8.09	7.95
ZFP37	6.46	5.09	2.58	5.68	6.74	5.94
ZFP41	8.49	8.67	8.33	8.31	8.48	7.83
ZFP42	5.1	0.7	0.0	1.05	0.84	0.96
ZFP57	3.02	2.03	1.5	2.37	3.25	2.28
ZFP62	8.82	8.35	9.41	8.96	8.79	8.69
ZFP64	8.52	8.91	8.27	8.79	8.58	8.25
ZFP82	7.41	6.49	6.48	5.97	6.74	6.23
ZFP90	9.31	8.77	9.33	8.99	9.32	9.05
ZFP91	10.27	10.97	11.26	10.86	11.0	11.01
ZFP92	1.28	1.88	2.05	1.63	2.06	1.94
ZFPM1	7.37	6.97	6.55	6.93	6.91	6.54
ZFPM2	5.48	4.86	1.62	5.68	6.61	7.09
ZFX	8.19	8.88	9.97	9.0	8.98	9.38
ZFY	6.21	4.55	4.29	3.83	3.72	4.27
ZGLP1	5.89	4.22	5.06	4.82	5.66	3.95
ZGPAT	10.0	9.65	9.35	9.51	9.6	9.31
ZHX1	9.33	9.36	9.84	9.67	10.0	10.14
ZHX2	9.36	8.78	8.56	9.75	10.03	9.87
ZHX3	9.96	9.63	9.3	9.6	10.5	10.36
ZIC1	1.95	5.07	0.0	2.75	7.8	1.57
ZIC2	0.92	2.68	0.0	4.1	6.42	1.39
ZIC3	1.3	0.56	0.0	0.97	3.08	0.35
ZIC4	1.69	3.29	0.0	1.77	5.31	0.69
ZIC5	0.81	1.02	0.0	2.8	4.52	0.54
ZIK1	7.46	6.16	6.79	5.42	6.57	6.12
ZIM2	2.74	0.54	0.0	0.85	1.97	1.44
ZIM3	0.0	0.03	0.0	0.07	0.0	0.04
ZKSCAN1	8.7	10.26	10.5	9.46	9.52	9.67
ZKSCAN2	8.27	7.89	7.57	7.49	7.9	7.45
ZKSCAN3	6.39	6.33	7.49	6.06	6.1	6.15
ZKSCAN4	6.9	7.29	7.86	6.8	6.98	6.51
ZKSCAN5	8.94	8.96	8.85	8.54	9.0	8.32
ZMAT1	8.51	6.38	10.49	7.4	8.41	8.05
ZMAT4	2.77	0.76	0.0	2.15	3.61	2.52
ZNF100	8.41	6.49	9.13	7.37	7.95	7.27
ZNF101	7.4	6.64	8.02	6.66	6.37	6.56
ZNF107	8.24	7.09	9.73	7.86	8.03	7.33
ZNF10	8.56	6.64	7.87	7.49	7.71	7.78
ZNF114	5.26	3.97	4.7	3.88	4.75	3.27
ZNF117	8.86	7.67	11.04	9.31	9.44	9.0
ZNF121	6.13	5.88	8.65	5.87	5.65	5.68
ZNF124	6.21	5.88	8.04	6.03	6.02	5.84
ZNF12	9.49	9.39	9.37	9.41	9.37	9.29
ZNF131	9.3	8.92	10.14	9.05	9.09	8.72
ZNF132	6.99	6.05	7.14	6.05	6.68	6.87
ZNF133	8.28	8.24	8.0	8.37	8.58	8.02
ZNF134	8.75	7.76	8.26	7.45	7.72	7.92
ZNF135	7.73	5.17	6.08	5.99	6.59	6.79
ZNF136	7.87	7.36	8.66	7.58	7.77	7.89
ZNF138	8.05	6.64	7.92	7.46	7.84	7.1
ZNF140	9.16	7.93	8.84	8.69	8.61	8.68
ZNF141	6.56	5.56	7.96	6.02	6.03	6.13
ZNF142	9.58	9.22	9.89	9.05	9.04	8.81
ZNF143	8.12	8.06	8.56	8.25	8.26	8.25
ZNF146	10.73	10.75	10.99	10.88	10.67	10.54
ZNF14	8.42	6.91	7.63	7.33	7.41	7.5
ZNF148	9.54	9.48	10.26	10.02	9.94	10.23
ZNF154	6.78	4.07	7.47	5.0	6.12	5.87
ZNF155	7.77	6.8	7.24	7.13	7.29	7.21
ZNF157	2.92	1.57	2.54	1.47	2.72	1.91
ZNF160	9.63	8.72	9.8	8.92	8.99	9.07
ZNF165	5.93	4.22	5.3	6.28	4.8	6.25
ZNF16	8.27	7.85	7.17	8.03	7.74	7.82
ZNF169	5.6	5.57	8.43	5.97	6.27	5.8
ZNF174	8.12	7.98	7.48	7.9	8.09	7.64
ZNF175	7.54	6.94	8.28	6.93	7.24	7.37
ZNF17	7.44	6.77	7.66	6.85	6.93	7.06
ZNF177	6.97	5.13	6.85	5.86	7.14	5.82
ZNF180	7.49	6.74	7.63	7.32	7.19	7.5
ZNF181	7.83	7.24	7.7	7.62	8.32	7.95
ZNF182	7.7	7.27	8.64	7.49	7.47	7.25
ZNF184	8.1	7.76	8.38	7.79	7.9	7.6
ZNF18	7.58	7.55	7.94	7.58	7.7	7.42
ZNF189	8.61	8.42	9.22	8.88	9.14	9.06
ZNF195	8.02	7.7	9.3	8.42	8.57	8.08
ZNF197	8.76	8.72	8.76	8.43	8.82	8.5
ZNF19	5.68	5.36	4.87	5.93	6.0	6.15
ZNF200	8.49	7.7	7.55	7.8	7.71	7.38
ZNF202	7.93	7.65	8.65	7.93	8.0	7.68
ZNF205	8.82	8.37	3.55	8.4	8.4	7.77
ZNF20	7.17	6.42	7.21	6.84	7.06	6.94
ZNF207	11.32	11.49	12.5	11.47	11.33	11.17
ZNF208	7.73	3.43	3.74	4.29	3.96	5.41
ZNF211	8.42	7.47	8.54	7.64	7.83	7.8
ZNF212	9.4	8.71	8.57	8.55	8.72	8.24
ZNF213	8.49	9.18	8.46	9.0	9.02	8.54
ZNF214	5.82	3.85	1.54	4.95	4.65	5.68
ZNF215	6.15	4.5	3.27	4.48	2.9	4.74
ZNF217	10.28	10.04	10.53	10.32	9.14	10.11
ZNF219	9.18	9.22	8.0	9.27	9.6	9.51
ZNF221	4.0	4.04	6.02	3.69	4.1	4.03
ZNF222	6.68	5.82	6.31	5.86	6.27	5.92
ZNF223	6.68	6.07	7.15	6.33	6.54	6.44
ZNF224	7.74	7.3	9.44	7.48	7.23	7.52
ZNF225	6.47	6.15	7.05	6.01	6.2	6.16
ZNF226	8.73	7.91	9.02	8.18	8.43	8.1
ZNF22	9.07	8.75	10.42	9.4	9.82	9.56
ZNF227	8.79	8.03	8.6	8.05	8.33	7.97
ZNF229	8.04	5.76	4.7	5.87	7.07	6.7
ZNF230	6.94	6.36	7.54	6.6	6.61	6.71
ZNF232	8.06	7.13	6.61	7.4	7.64	7.16
ZNF233	6.62	4.35	6.22	4.8	5.02	4.64
ZNF234	7.44	7.28	8.14	7.17	7.34	7.19
ZNF235	7.3	6.08	7.33	6.19	6.49	6.33
ZNF236	8.0	8.02	9.13	7.91	7.79	7.99
ZNF23	8.24	7.63	7.95	7.76	8.15	7.69
ZNF239	7.18	5.52	5.12	6.49	6.63	5.9
ZNF24	10.6	11.06	10.82	10.74	10.89	10.97
ZNF248	8.3	7.53	8.91	8.21	8.41	8.26
ZNF250	7.61	7.39	7.77	7.94	8.08	7.8
ZNF251	7.96	8.19	8.38	8.46	8.48	8.07
ZNF25	7.73	7.4	8.3	7.82	8.61	8.37
ZNF253	8.36	6.56	8.22	7.45	7.98	7.55
ZNF254	8.17	7.09	8.84	8.11	8.51	8.37
ZNF256	7.94	6.45	7.18	6.36	6.61	6.48
ZNF257	5.91	3.48	6.08	3.99	4.54	4.52
ZNF260	8.91	8.4	8.7	8.98	9.27	8.76
ZNF263	10.31	9.37	9.51	9.49	9.36	9.26
ZNF264	9.42	8.92	10.16	9.24	9.09	9.44
ZNF266	10.01	9.01	10.67	9.19	9.57	8.96
ZNF267	8.3	7.99	9.15	8.28	7.92	7.96
ZNF26	7.96	7.62	9.01	7.77	8.04	7.36
ZNF268	8.68	7.91	8.18	8.15	8.12	8.59
ZNF273	8.0	6.24	8.38	7.01	7.53	6.45
ZNF274	8.98	8.64	9.52	8.71	8.89	9.02
ZNF275	8.61	8.99	8.98	9.27	9.9	9.24
ZNF2	7.4	7.2	6.45	6.9	7.05	6.72
ZNF276	8.95	9.28	10.88	8.97	9.17	8.64
ZNF277	8.56	8.44	9.07	8.7	8.58	8.85
ZNF280A	3.26	4.25	0.0	1.2	0.81	0.27
ZNF280B	6.92	7.4	6.56	5.18	6.09	4.67
ZNF280C	7.01	6.8	7.94	6.71	6.62	6.19
ZNF280D	9.09	8.83	10.16	9.02	9.04	9.37
ZNF281	7.65	8.55	9.17	7.99	8.07	8.04
ZNF282	9.41	9.98	9.25	9.73	9.77	9.24
ZNF283	5.96	5.86	6.43	5.59	5.44	5.53
ZNF284	4.96	5.16	6.54	4.95	5.3	4.78
ZNF285	6.77	5.24	5.9	5.23	6.26	5.57
ZNF286A	8.58	7.93	7.74	7.93	8.51	7.61
ZNF286B	5.3	4.48	4.51	4.62	5.66	4.45
ZNF287	7.25	6.21	4.63	6.55	7.27	6.81
ZNF28	8.78	7.38	9.03	8.29	7.93	8.22
ZNF292	9.83	8.95	11.47	9.6	9.57	9.7
ZNF296	7.33	5.05	5.86	5.78	4.84	4.75
ZNF300	7.68	6.33	6.6	6.47	7.91	6.25
ZNF302	9.1	8.43	9.29	8.92	9.73	8.99
ZNF304	8.89	8.1	8.0	7.9	8.08	8.26
ZNF30	6.97	6.21	6.17	6.4	6.81	6.19
ZNF311	4.83	5.77	4.36	5.12	5.64	5.29
ZNF317	9.64	9.76	10.1	9.47	9.69	9.35
ZNF318	10.14	9.95	10.04	9.47	9.53	9.35
ZNF319	8.19	8.49	8.52	8.35	8.58	8.25
ZNF320	9.32	7.73	9.4	8.69	8.64	8.48
ZNF324	7.8	7.72	8.22	7.52	7.49	7.52
ZNF324B	6.81	7.06	7.74	6.92	6.9	6.74
ZNF326	8.26	8.77	9.71	8.72	8.82	8.59
ZNF32	9.37	8.47	8.2	9.3	9.58	9.37
ZNF329	8.85	7.62	7.96	7.9	8.15	8.26
ZNF331	9.54	8.09	8.93	8.49	8.63	9.46
ZNF333	7.84	7.7	9.33	7.44	8.35	7.52
ZNF334	7.4	4.75	5.8	5.58	6.96	6.5
ZNF335	10.13	9.29	9.94	9.17	8.94	8.76
ZNF337	9.64	8.68	10.13	8.87	9.32	8.46
ZNF33A	10.16	8.66	10.83	9.76	9.23	10.0
ZNF33B	9.37	7.89	10.24	9.25	8.3	9.72
ZNF341	7.52	7.23	7.69	7.29	7.09	6.82
ZNF343	8.16	8.32	8.01	7.99	7.98	7.79
ZNF345	6.8	5.92	7.49	6.02	6.45	6.24
ZNF346	8.15	8.02	9.07	8.11	8.37	7.98
ZNF347	7.15	5.86	7.52	6.27	6.51	6.94
ZNF34	7.23	6.88	6.86	6.91	7.43	6.99
ZNF350	8.23	7.18	8.2	7.56	7.46	7.78
ZNF354A	7.9	7.52	8.2	7.93	7.94	7.62
ZNF354B	6.28	6.03	7.98	6.52	6.52	6.39
ZNF354C	4.65	4.83	4.79	4.43	5.37	5.41
ZNF35	7.16	6.45	6.93	7.07	7.35	6.98
ZNF358	10.37	10.39	7.28	10.28	10.85	10.28
ZNF362	9.71	10.38	9.41	9.51	9.7	9.48
ZNF365	4.73	5.02	1.65	5.05	6.96	4.7
ZNF366	4.0	3.98	4.02	4.12	3.86	5.6
ZNF367	7.64	7.65	8.65	7.42	8.04	6.52
ZNF3	10.0	9.35	9.21	9.51	9.76	9.17
ZNF37A	8.19	8.54	9.77	8.63	8.32	8.79
ZNF382	6.04	5.24	6.92	4.92	5.89	4.98
ZNF383	6.53	6.11	7.53	6.34	6.46	6.57
ZNF384	10.58	10.31	10.68	10.23	10.18	9.89
ZNF385A	9.8	9.35	8.96	9.82	9.76	9.33
ZNF385B	2.68	2.15	0.51	4.56	4.39	6.86
ZNF385D	3.08	2.32	0.73	3.11	3.81	4.43
ZNF391	5.25	4.39	4.21	4.63	4.79	4.78
ZNF394	9.52	9.07	10.07	8.78	8.53	8.76
ZNF395	10.21	10.24	10.58	10.5	10.27	10.83
ZNF396	4.68	4.66	3.87	5.15	5.27	5.69
ZNF397	7.95	7.7	9.16	7.82	8.0	8.03
ZNF398	8.88	8.84	9.07	8.73	8.77	8.56
ZNF404	6.43	4.93	6.35	5.43	6.51	5.44
ZNF407	8.39	8.41	8.71	8.04	7.92	8.41
ZNF408	8.62	8.4	7.51	8.35	8.49	7.9
ZNF410	9.64	9.8	9.88	9.86	9.8	9.88
ZNF414	8.8	7.66	7.01	7.7	8.27	7.4
ZNF415	7.07	5.24	4.72	6.56	7.57	7.24
ZNF416	7.79	6.88	6.31	6.84	6.96	6.81
ZNF417	7.89	6.87	9.05	7.07	7.19	7.23
ZNF41	6.76	7.4	8.38	7.7	7.79	7.95
ZNF418	7.34	5.29	6.61	5.43	6.44	5.99
ZNF419	8.36	7.25	7.6	7.27	7.57	7.06
ZNF420	6.99	6.55	7.25	6.74	7.31	7.03
ZNF423	7.67	5.51	2.28	6.78	8.14	7.45
ZNF425	5.84	5.69	5.44	6.07	7.21	6.4
ZNF426	6.41	6.78	7.46	6.44	6.74	7.08
ZNF428	11.03	9.63	8.49	9.37	10.02	8.97
ZNF429	7.6	5.31	7.66	6.52	6.95	7.2
ZNF430	6.42	6.21	8.22	6.58	6.69	6.79
ZNF431	7.44	6.44	9.38	7.08	7.06	7.02
ZNF432	7.32	6.29	7.52	6.68	6.66	6.75
ZNF433	6.3	5.31	7.39	6.22	6.62	6.67
ZNF436	8.56	8.7	8.1	9.03	9.25	9.06
ZNF43	8.55	6.89	9.15	7.77	8.62	7.95
ZNF438	7.66	7.67	8.66	7.69	7.58	8.07
ZNF439	6.61	6.49	9.74	6.42	7.32	6.75
ZNF440	7.1	7.59	9.02	8.02	7.75	7.99
ZNF441	7.03	6.83	7.43	7.07	7.61	7.62
ZNF442	5.21	3.68	5.0	4.65	5.14	5.27
ZNF443	6.81	5.28	7.71	6.5	6.11	6.3
ZNF444	9.44	8.94	7.59	9.25	9.23	9.04
ZNF44	8.36	6.68	9.07	7.69	7.45	8.25
ZNF445	8.27	8.82	10.75	8.94	9.44	9.02
ZNF446	8.61	7.92	7.07	7.98	8.11	7.65
ZNF449	7.46	7.18	6.63	7.06	7.17	6.94
ZNF451	9.82	8.97	10.27	9.2	9.26	9.39
ZNF454	5.17	2.24	0.93	3.4	4.88	4.17
ZNF45	8.07	7.9	8.72	7.81	7.9	8.0
ZNF460	5.3	5.18	8.46	5.38	5.07	5.79
ZNF461	6.82	6.08	7.17	6.42	7.08	6.49
ZNF462	7.0	8.87	3.51	7.97	8.12	8.39
ZNF467	7.58	5.99	7.81	7.17	6.68	7.24
ZNF468	7.97	7.31	8.94	8.33	7.68	8.28
ZNF469	6.46	6.94	7.67	7.25	7.71	6.09
ZNF470	8.68	6.86	7.2	6.89	7.99	7.42
ZNF471	7.06	4.85	6.73	5.86	7.28	7.1
ZNF473	8.72	8.17	8.2	8.01	7.99	7.61
ZNF474	1.49	1.89	2.13	2.64	2.89	2.6
ZNF479	1.34	0.08	0.0	0.15	0.35	0.01
ZNF480	8.81	8.06	8.8	8.48	8.23	8.3
ZNF48	8.1	7.57	7.26	7.9	8.21	7.38
ZNF483	6.25	2.76	1.79	3.81	4.5	4.78
ZNF484	6.28	5.8	7.31	6.15	6.29	6.27
ZNF485	6.32	5.28	6.28	5.82	5.51	5.26
ZNF486	5.99	3.81	5.97	5.14	5.46	5.84
ZNF487	4.04	3.79	4.76	4.76	4.66	5.11
ZNF488	4.56	1.67	3.62	4.24	6.31	4.13
ZNF490	9.5	7.98	9.1	7.74	7.95	7.45
ZNF491	5.31	4.69	6.41	4.71	5.73	5.02
ZNF492	4.97	1.95	5.04	2.39	3.25	2.48
ZNF493	8.0	5.8	8.89	7.13	7.78	7.67
ZNF496	9.08	8.79	9.0	8.18	8.35	8.05
ZNF497	6.65	5.57	7.39	6.06	6.43	5.67
ZNF500	8.05	8.06	8.21	7.88	7.99	7.67
ZNF501	6.7	5.68	5.78	5.89	7.12	6.26
ZNF502	7.94	5.64	5.54	6.39	7.53	7.03
ZNF503	7.01	8.49	5.55	8.66	8.68	9.02
ZNF506	8.7	7.52	9.62	8.21	8.8	8.56
ZNF507	8.97	9.0	9.4	9.06	9.06	9.07
ZNF510	8.33	7.51	8.72	7.88	8.35	8.08
ZNF511	9.58	8.35	8.28	8.97	8.54	8.79
ZNF512	9.63	9.69	10.3	9.44	10.04	9.47
ZNF512B	10.08	10.02	10.2	9.55	9.99	9.29
ZNF513	8.73	8.65	8.51	8.81	9.04	8.42
ZNF514	7.61	7.37	8.83	7.64	7.42	7.45
ZNF516	8.5	8.18	10.2	8.01	8.27	8.5
ZNF517	8.39	7.93	7.47	7.93	8.33	7.5
ZNF518A	9.47	8.23	10.99	9.04	8.75	9.19
ZNF518B	9.24	8.73	8.12	8.14	7.78	8.45
ZNF519	5.6	5.07	6.96	5.35	6.09	5.07
ZNF521	6.21	6.89	6.92	7.05	8.19	7.82
ZNF524	8.2	7.91	6.92	8.24	7.72	8.1
ZNF525	8.11	6.81	8.36	7.5	6.75	7.16
ZNF526	9.06	8.72	8.29	8.21	7.76	7.88
ZNF527	7.22	6.18	7.04	6.68	7.17	6.86
ZNF528	8.86	7.08	7.97	7.43	8.3	7.79
ZNF529	9.16	7.86	9.5	8.12	8.77	8.01
ZNF530	7.14	6.01	6.48	5.83	6.16	5.47
ZNF532	10.26	10.18	6.6	10.16	10.53	9.92
ZNF534	5.37	2.72	4.03	2.86	3.29	2.56
ZNF536	4.12	3.34	0.0	2.11	4.78	3.27
ZNF540	7.98	5.31	5.67	5.68	6.87	6.38
ZNF541	4.1	3.84	1.16	3.48	2.5	3.75
ZNF543	7.18	6.73	7.66	6.71	6.65	6.77
ZNF544	9.33	8.43	9.6	8.84	8.61	8.64
ZNF546	6.29	5.64	7.53	5.72	6.28	6.15
ZNF547	6.76	5.33	5.75	5.49	6.14	5.37
ZNF548	8.48	7.93	9.49	7.86	8.04	8.08
ZNF549	8.52	7.66	8.48	6.97	7.42	7.28
ZNF550	8.04	7.51	8.94	7.38	7.34	7.22
ZNF551	7.59	6.6	8.44	6.65	6.78	6.75
ZNF552	7.33	6.53	8.36	7.5	6.27	7.73
ZNF554	7.6	6.4	7.08	6.86	7.19	7.0
ZNF555	6.87	6.16	6.21	6.12	6.38	6.31
ZNF556	1.25	1.06	0.0	1.81	1.84	1.57
ZNF557	8.13	7.37	8.55	7.34	7.66	7.31
ZNF558	7.9	7.92	8.88	8.4	8.97	8.23
ZNF559	9.04	7.99	9.24	7.9	8.65	8.19
ZNF560	5.7	2.45	0.0	1.48	3.1	0.56
ZNF561	9.45	8.97	9.49	9.31	9.16	9.53
ZNF562	8.49	8.7	10.37	8.78	8.86	8.73
ZNF563	5.98	5.13	5.7	5.91	5.82	6.24
ZNF564	8.48	7.54	8.27	7.88	7.81	8.03
ZNF565	6.43	5.42	6.84	5.98	6.15	5.87
ZNF566	8.14	7.13	8.1	7.36	7.92	7.27
ZNF567	7.16	6.36	7.59	6.88	7.1	6.81
ZNF568	6.99	6.43	6.42	6.1	7.07	6.74
ZNF569	8.17	6.56	7.41	6.6	7.55	6.96
ZNF570	6.32	5.48	6.29	5.4	5.95	5.86
ZNF57	6.61	6.2	6.33	6.7	6.31	6.77
ZNF571	7.33	5.54	6.94	6.26	6.47	6.39
ZNF572	6.53	5.47	5.6	5.68	6.2	5.37
ZNF573	4.33	3.57	6.22	4.08	4.31	4.51
ZNF574	9.7	9.3	8.61	9.09	8.88	8.78
ZNF575	5.98	5.74	5.25	5.31	5.42	5.58
ZNF576	7.84	7.93	7.41	7.97	8.05	7.83
ZNF577	8.12	6.51	8.36	6.92	7.49	7.19
ZNF578	8.95	4.04	4.19	4.9	6.01	5.42
ZNF579	7.43	7.95	6.15	7.81	7.93	7.17
ZNF580	8.31	8.52	7.38	8.48	8.68	8.32
ZNF581	9.33	8.96	8.98	8.74	8.44	8.06
ZNF582	6.82	4.47	5.84	4.81	5.89	5.74
ZNF583	6.61	5.04	6.33	5.69	6.61	6.23
ZNF584	7.16	7.8	7.3	7.55	7.79	7.51
ZNF585A	7.36	6.55	7.71	6.9	7.05	7.13
ZNF585B	5.59	5.35	7.65	5.84	6.12	6.31
ZNF586	7.88	6.86	9.07	7.16	6.9	7.3
ZNF587	9.47	9.04	10.83	9.16	8.72	8.84
ZNF589	9.38	8.46	9.57	8.2	8.24	8.19
ZNF592	10.35	10.37	11.03	10.2	10.3	10.26
ZNF594	7.53	6.51	8.21	6.91	7.19	6.89
ZNF595	7.81	7.81	6.06	7.09	7.32	7.33
ZNF596	6.82	5.16	5.89	5.84	6.65	6.26
ZNF597	6.33	5.22	5.86	5.32	4.98	5.73
ZNF598	9.92	10.16	9.94	9.84	9.67	9.15
ZNF599	6.83	6.47	5.85	6.48	7.0	6.53
ZNF600	8.18	6.38	8.49	7.32	5.97	7.13
ZNF605	8.7	8.06	9.23	8.49	8.56	8.34
ZNF606	8.6	6.82	8.14	7.78	8.35	7.69
ZNF607	8.86	6.17	7.66	7.34	7.67	7.11
ZNF608	9.07	7.85	7.05	7.99	9.03	8.48
ZNF609	10.06	10.41	11.78	10.13	10.04	10.13
ZNF610	7.81	5.14	5.89	5.67	6.52	5.75
ZNF611	7.91	6.83	8.8	7.2	6.82	7.39
ZNF613	7.55	6.13	6.84	6.81	6.65	7.0
ZNF614	8.49	7.14	7.98	7.76	8.17	7.95
ZNF615	7.61	6.93	7.51	7.47	7.58	7.88
ZNF616	7.92	7.49	7.78	7.3	7.11	7.35
ZNF618	9.37	9.48	9.91	8.95	8.1	8.92
ZNF619	4.57	5.89	7.38	5.65	6.0	6.05
ZNF620	4.97	5.01	6.4	5.58	6.12	5.72
ZNF621	8.46	9.19	10.29	9.03	9.66	8.97
ZNF623	8.74	8.82	9.17	8.59	8.48	8.25
ZNF624	6.94	6.45	6.74	6.39	6.68	6.45
ZNF625	5.83	4.45	5.46	4.19	5.16	4.45
ZNF626	8.41	5.36	5.81	6.8	8.0	7.66
ZNF627	8.31	7.99	8.08	8.46	8.75	8.46
ZNF628	8.26	7.59	7.38	7.4	7.24	7.02
ZNF629	8.68	9.74	9.59	9.78	10.0	9.58
ZNF630	4.82	4.89	5.9	5.71	5.74	5.72
ZNF639	8.82	8.68	9.35	9.25	9.44	9.13
ZNF641	6.81	6.78	7.8	6.89	6.85	7.28
ZNF644	9.56	9.49	10.01	9.63	9.77	9.76
ZNF645	0.04	0.04	0.0	0.04	0.08	0.02
ZNF646	9.69	9.33	9.78	9.07	8.97	8.74
ZNF648	1.13	2.38	1.42	1.33	1.9	1.25
ZNF649	8.49	7.26	7.76	7.47	8.14	7.93
ZNF652	8.95	9.71	10.54	9.96	9.95	10.07
ZNF653	7.38	6.76	5.97	7.03	7.42	6.77
ZNF654	8.63	8.28	9.38	8.16	8.11	8.51
ZNF655	10.33	10.11	11.48	9.91	10.19	10.25
ZNF658	5.96	5.18	5.42	5.38	5.89	5.84
ZNF660	3.58	3.33	6.92	3.2	4.59	4.0
ZNF662	6.7	4.7	7.42	6.16	7.29	7.3
ZNF664	11.26	11.21	10.62	11.67	11.78	11.64
ZNF665	5.25	3.33	5.78	4.25	4.84	4.78
ZNF667	7.1	4.73	6.18	5.29	6.83	6.03
ZNF668	8.65	8.44	7.79	8.24	8.16	7.47
ZNF669	7.02	6.51	7.3	6.49	6.73	6.33
ZNF670	6.68	6.16	5.93	6.13	6.39	6.01
ZNF671	8.31	6.54	8.42	6.49	7.52	7.08
ZNF672	9.47	10.19	9.61	9.79	9.74	9.65
ZNF674	5.52	5.53	7.16	5.98	6.27	5.99
ZNF675	7.59	5.98	8.05	6.99	7.34	6.76
ZNF676	6.91	1.34	0.66	2.28	2.93	3.76
ZNF677	6.85	3.92	4.18	4.43	5.26	5.58
ZNF678	5.26	4.89	6.71	5.29	5.47	5.42
ZNF679	0.28	0.31	0.0	0.17	0.65	0.02
ZNF680	7.67	6.83	8.51	8.02	8.66	8.07
ZNF681	7.49	4.53	7.3	6.36	7.21	6.08
ZNF682	7.93	4.05	6.26	5.92	7.13	5.94
ZNF683	4.53	3.59	3.26	4.11	2.55	3.97
ZNF684	6.5	5.63	6.4	5.85	6.19	6.25
ZNF687	10.06	10.08	10.14	9.96	9.99	9.58
ZNF688	7.71	7.81	7.11	7.84	8.04	7.73
ZNF689	6.73	7.95	7.71	7.09	7.3	7.42
ZNF691	8.07	7.79	7.02	7.78	7.82	7.52
ZNF692	9.05	8.84	9.76	8.92	9.02	7.8
ZNF695	5.1	3.69	5.25	4.3	3.81	2.08
ZNF696	8.16	8.29	7.92	7.89	8.0	7.37
ZNF69	5.77	5.33	7.62	5.83	5.86	6.2
ZNF697	7.76	10.01	6.35	7.59	7.08	7.59
ZNF699	4.25	4.18	5.59	4.22	4.51	4.85
ZNF700	8.32	7.76	10.6	8.13	8.06	7.91
ZNF701	7.5	6.12	8.23	6.5	6.13	6.68
ZNF703	5.55	8.75	2.86	7.7	7.46	7.14
ZNF704	6.88	8.4	3.76	7.12	7.22	8.06
ZNF705A	2.93	0.27	0.75	0.52	0.64	0.49
ZNF705D	2.93	0.03	0.0	0.15	0.11	0.04
ZNF706	10.22	10.32	10.2	10.44	10.22	10.07
ZNF707	7.84	8.21	7.94	7.93	7.82	7.25
ZNF70	6.85	7.65	9.51	6.93	6.95	6.84
ZNF708	7.51	6.63	9.24	7.12	7.93	7.2
ZNF709	7.43	5.76	7.1	6.34	6.94	6.57
ZNF710	7.54	7.91	8.94	8.13	7.92	8.05
ZNF711	7.24	3.96	6.57	7.04	8.56	7.16
ZNF713	5.69	5.33	6.29	5.53	6.23	5.41
ZNF714	7.79	6.62	8.94	7.09	7.54	6.67
ZNF71	8.63	7.69	7.47	7.33	7.6	7.16
ZNF716	3.63	0.68	0.0	0.52	0.98	0.07
ZNF717	4.73	5.28	7.07	4.89	5.27	5.47
ZNF718	6.18	5.6	7.44	5.94	6.09	6.15
ZNF721	9.32	8.18	9.29	8.72	8.86	8.65
ZNF727	4.13	1.32	2.2	2.19	3.04	3.49
ZNF732	4.7	1.58	2.2	2.27	2.38	2.02
ZNF735	1.41	0.04	0.0	0.09	0.07	0.01
ZNF737	8.83	5.76	8.72	7.5	7.98	7.87
ZNF740	9.06	9.57	10.2	9.54	9.6	9.42
ZNF746	8.73	9.28	9.3	8.95	9.22	8.58
ZNF74	8.64	8.77	8.71	8.28	8.59	7.64
ZNF747	7.41	7.96	7.65	7.95	8.05	8.07
ZNF749	6.53	6.75	7.24	5.96	5.69	5.63
ZNF750	1.98	2.0	4.54	5.2	2.24	5.7
ZNF75A	8.52	7.79	8.55	8.05	8.23	7.93
ZNF75D	8.81	7.6	8.77	8.32	8.08	8.49
ZNF761	8.19	7.64	9.6	8.4	7.67	8.13
ZNF763	6.02	4.8	7.51	5.69	5.75	6.33
ZNF764	7.76	7.62	8.23	7.61	7.55	7.34
ZNF765	7.69	7.08	8.72	7.58	7.32	7.5
ZNF766	9.6	8.39	8.8	8.6	8.28	8.44
ZNF76	9.69	9.38	9.79	9.35	9.38	9.33
ZNF768	9.59	10.32	9.37	10.19	10.0	9.86
ZNF770	10.84	9.46	10.14	9.88	9.63	10.02
ZNF771	6.69	6.08	4.34	6.18	6.98	5.76
ZNF772	7.93	7.26	8.28	7.03	7.75	7.37
ZNF773	7.62	7.09	7.56	6.62	7.02	6.71
ZNF774	3.66	3.6	2.69	4.55	4.5	4.65
ZNF775	8.63	7.42	5.76	6.67	7.67	6.05
ZNF7	9.17	8.7	9.11	8.83	8.82	8.35
ZNF77	6.53	6.3	7.11	6.33	6.62	6.17
ZNF776	8.62	8.17	9.25	8.36	8.48	8.54
ZNF777	8.78	9.29	8.22	8.96	9.11	8.69
ZNF778	6.58	6.42	6.65	6.04	6.17	6.38
ZNF780A	8.08	8.01	8.33	8.05	7.73	8.12
ZNF780B	8.38	7.83	9.76	8.0	8.16	8.19
ZNF781	6.51	3.56	4.74	4.07	5.35	5.06
ZNF782	6.06	5.24	7.29	5.78	5.84	5.88
ZNF784	7.69	6.85	7.51	7.36	7.28	7.41
ZNF785	7.28	7.62	8.87	7.7	8.02	7.34
ZNF786	7.52	7.52	7.65	7.55	7.65	7.13
ZNF787	9.41	9.4	8.73	9.32	9.06	8.88
ZNF788	7.12	6.28	7.99	5.93	6.6	6.43
ZNF789	6.83	6.58	8.39	6.55	6.94	6.06
ZNF790	6.44	6.18	7.12	6.37	6.98	6.67
ZNF791	7.7	7.49	8.27	7.5	7.54	7.97
ZNF792	6.29	6.53	8.61	6.71	6.21	6.74
ZNF793	7.99	4.25	6.11	6.29	7.05	6.44
ZNF79	7.04	7.06	7.26	6.68	6.69	6.66
ZNF799	7.11	6.07	8.19	7.04	6.59	7.11
ZNF800	7.64	8.58	9.48	8.5	8.28	8.83
ZNF804A	3.66	3.14	7.0	3.14	5.15	3.58
ZNF804B	0.06	0.42	0.0	0.47	0.59	1.5
ZNF805	8.69	7.99	9.02	8.17	8.08	8.02
ZNF80	2.62	2.21	3.17	1.86	1.48	1.68
ZNF808	8.14	6.92	9.94	7.35	6.97	7.74
ZNF813	5.5	5.75	7.57	5.71	5.71	6.2
ZNF81	6.74	6.73	8.66	6.56	6.61	6.56
ZNF814	8.84	7.52	9.71	8.03	8.03	7.72
ZNF821	8.19	7.04	4.97	7.46	8.07	7.27
ZNF823	6.93	6.02	6.56	6.96	6.52	7.16
ZNF827	5.42	7.8	6.72	7.16	7.29	7.5
ZNF829	4.32	3.72	5.04	3.38	4.21	3.84
ZNF830	8.54	8.3	8.54	8.43	8.56	8.41
ZNF831	5.36	4.97	6.5	4.04	3.24	4.8
ZNF83	9.71	8.27	10.54	9.28	9.34	9.1
ZNF835	4.12	2.36	2.22	3.16	4.94	4.14
ZNF836	6.79	6.32	7.07	6.71	6.39	6.86
ZNF837	6.44	5.08	4.71	5.52	5.71	5.46
ZNF841	8.23	7.62	8.68	7.68	7.55	7.35
ZNF843	2.47	3.47	2.83	3.02	4.25	3.43
ZNF844	6.66	6.11	8.03	6.78	7.06	7.83
ZNF845	7.88	7.01	8.0	7.38	7.01	7.48
ZNF846	5.89	5.81	8.05	6.15	6.38	6.41
ZNF84	9.88	8.67	9.94	9.29	9.74	9.06
ZNF853	8.19	7.54	5.24	7.45	9.14	8.0
ZNF85	7.54	5.77	7.91	6.31	6.93	6.22
ZNF860	3.36	4.21	2.99	5.04	3.16	5.16
ZNF8	7.17	6.64	8.37	6.51	6.61	6.1
ZNF878	2.53	1.85	5.7	2.38	2.48	2.37
ZNF879	6.91	5.19	6.06	5.67	6.03	6.1
ZNF880	7.84	6.49	6.86	6.35	6.66	6.91
ZNF883	6.44	4.27	2.16	4.95	7.12	4.97
ZNF90	8.87	6.64	6.01	7.48	8.0	7.13
ZNF91	8.45	7.4	9.51	8.33	8.52	8.7
ZNF92	8.19	7.33	8.39	7.91	8.44	7.41
ZNF93	6.59	5.37	7.45	5.91	6.48	5.47
ZNF98	4.93	1.35	4.73	2.2	2.95	2.91
ZNF99	3.1	0.2	0.0	0.53	0.99	0.71
ZSCAN10	3.98	0.25	0.82	0.6	0.53	0.22
ZSCAN1	4.5	0.91	0.0	2.26	4.02	2.28
ZSCAN12	7.41	6.67	7.81	7.1	7.44	7.38
ZSCAN16	6.75	6.11	6.73	6.68	6.71	6.34
ZSCAN18	10.66	7.95	9.4	9.44	10.54	10.25
ZSCAN20	5.89	6.35	5.98	5.71	5.69	5.64
ZSCAN21	8.62	8.27	7.64	7.78	8.2	7.65
ZSCAN22	6.75	7.35	7.88	6.78	6.78	6.64
ZSCAN23	4.61	3.03	3.68	3.6	4.64	4.57
ZSCAN2	8.97	7.5	8.32	7.72	7.77	7.59
ZSCAN29	8.75	8.78	9.83	8.74	8.81	8.58
ZSCAN4	1.0	0.68	0.74	1.3	0.48	1.46
ZSCAN5A	6.24	5.63	6.79	6.23	6.08	6.16
ZSCAN5B	1.91	1.09	2.3	1.42	1.14	1.34
ZUFSP	7.96	6.84	8.35	7.35	7.38	7.14
ZXDA	5.76	5.26	5.78	5.52	5.63	5.95
ZXDB	8.39	8.09	8.57	8.49	8.63	8.73
ZXDC	10.0	9.89	11.67	10.05	10.07	10.07
ZZZ3	9.25	9.62	10.1	9.44	9.25	9.51
