gene	Additional New Primary	Metastatic	Primary Blood-Derived Cancer	Primary Solid Tumor	Recurrent Solid Tumor	Solid Tissue Normal
ADNP	0.4534	0.4491	0.435	0.458	0.46	0.4689
ADNP2	0.4656	0.4583	0.4067	0.4629	0.4695	0.4644
AEBP1	0.4608	0.3932	0.5333	0.4432	0.4554	0.4512
AEBP2	0.4476	0.4582	0.4371	0.4566	0.4708	0.4541
AFF3	0.5402	0.4389	0.3261	0.5011	0.4993	0.4572
AHCTF1	0.4596	0.4488	0.4248	0.4557	0.4697	0.4667
AHDC1	0.4514	0.4695	0.4293	0.4602	0.4488	0.4657
AHR	0.5252	0.436	0.397	0.4522	0.4859	0.4405
AHRR	0.5476	0.3501	0.4858	0.4399	0.4537	0.4756
AIRE	0.144	0.6086	0.5426	0.5591	0.489	0.6315
AKAP8	0.4491	0.4575	0.4254	0.4604	0.4634	0.4694
AKAP8L	0.4394	0.4621	0.4314	0.46	0.454	0.4784
AKNA	0.4438	0.4719	0.3749	0.4786	0.4841	0.4826
ALX1	0.5502	0.1042	0.6841	0.5576	0.6071	0.5616
ALX3	0.6628	0.442	0.5662	0.383	0.244	0.6012
ALX4	0.2433	0.5542	0.5264	0.5472	0.4694	0.4825
ANHX	0.0235	0.675	0.6857	0.6351	0.6202	0.6902
ANKZF1	0.4378	0.4656	0.4274	0.457	0.4548	0.4836
AR	0.5389	0.5921	0.4884	0.4083	0.4124	0.3425
ARGFX	0.0397	0.6799	0.6254	0.5737	0.6696	0.6779
ARHGAP35	0.474	0.4542	0.4339	0.4575	0.4568	0.4482
ARID1A	0.4756	0.4577	0.3978	0.4642	0.4666	0.4672
ARID1B	0.4766	0.4595	0.393	0.4665	0.4758	0.4589
ARID2	0.4685	0.4798	0.3709	0.4657	0.4741	0.4768
ARID3A	0.4496	0.4749	0.3259	0.4864	0.4979	0.5233
ARID3B	0.401	0.4869	0.3745	0.4802	0.5072	0.4949
ARID3C	0.5661	0.5186	0.5688	0.4564	0.2824	0.4158
ARID5A	0.4505	0.4523	0.445	0.4647	0.4552	0.4561
ARID5B	0.468	0.4368	0.4784	0.453	0.4614	0.4284
ARNT	0.4716	0.4527	0.4087	0.4649	0.4743	0.4553
ARNT2	0.5213	0.3481	0.6649	0.4592	0.3645	0.4573
ARNTL	0.4882	0.4797	0.426	0.4495	0.4326	0.4517
ARNTL2	0.4414	0.5056	0.4324	0.4158	0.4503	0.4857
ARX	0.4665	0.5098	0.6662	0.423	0.2758	0.4964
ASCL1	0.5015	0.595	0.6832	0.4572	0.1597	0.5839
ASCL2	0.4634	0.5131	0.3764	0.4187	0.49	0.4795
ASCL3	0.6633	0.6245	0.132	0.5567	0.5758	0.4658
ASCL4	0.5863	0.3379	0.4953	0.3647	0.5794	0.4367
ASCL5	0.5959	0.5492	0.579	0.331	0.3076	0.4728
ASH1L	0.4884	0.4702	0.3719	0.471	0.4699	0.4644
ATF1	0.4891	0.4548	0.4272	0.45	0.4613	0.444
ATF2	0.4679	0.463	0.4177	0.4613	0.4568	0.4591
ATF3	0.4837	0.4886	0.4863	0.4406	0.4515	0.384
ATF4	0.458	0.4496	0.4526	0.4528	0.4553	0.4553
ATF5	0.4443	0.4404	0.4979	0.4428	0.4494	0.452
ATF6	0.4799	0.4483	0.4264	0.4574	0.4593	0.4542
ATF6B	0.4854	0.4441	0.4226	0.454	0.4573	0.4631
ATF7	0.4797	0.4581	0.4106	0.4587	0.4634	0.4567
ATMIN	0.4427	0.4543	0.4553	0.4566	0.4579	0.4569
ATOH1	0.6684	0.6563	0.688	0.3278	0.56	0.172
ATOH7	0.3852	0.5413	0.6108	0.4489	0.3126	0.5061
ATOH8	0.4814	0.42	0.645	0.4603	0.4102	0.3697
BACH1	0.4623	0.4531	0.4062	0.4686	0.4752	0.4622
BACH2	0.4625	0.4694	0.3625	0.5057	0.4706	0.4692
BARHL1	0.6554	0.6313	0.4165	0.5101	0.153	0.652
BARHL2	0.5817	0.1537	0.6833	0.4874	0.4473	0.6618
BARX1	0.2419	0.5668	0.6763	0.4081	0.4716	0.517
BARX2	0.4809	0.5553	0.6791	0.3276	0.5165	0.3057
BATF	0.4401	0.426	0.4077	0.4527	0.5201	0.4886
BATF2	0.4707	0.382	0.5781	0.4372	0.4404	0.4436
BATF3	0.3845	0.4406	0.5632	0.4582	0.4193	0.4832
BAZ2A	0.4602	0.4563	0.3957	0.4654	0.4825	0.4699
BAZ2B	0.4906	0.4785	0.3668	0.4734	0.4714	0.4571
BBX	0.4717	0.455	0.424	0.462	0.461	0.4516
BCL11A	0.4986	0.5376	0.3118	0.468	0.4629	0.4876
BCL11B	0.4405	0.4828	0.3816	0.4433	0.5103	0.4788
BCL6	0.5122	0.473	0.4391	0.448	0.4183	0.4402
BCL6B	0.377	0.4723	0.609	0.4414	0.459	0.4082
BCLAF1	0.4588	0.4623	0.4171	0.4607	0.4686	0.4584
BHLHA15	0.4842	0.4751	0.4526	0.4056	0.5069	0.4106
BHLHA9	0.1963	0.6042	0.6613	0.5275	0.3777	0.5812
BHLHE22	0.4674	0.3994	0.6263	0.4546	0.3968	0.4277
BHLHE23	0.326	0.6819	0.2488	0.6018	0.4441	0.6616
BHLHE40	0.4724	0.4351	0.4904	0.4357	0.4634	0.4306
BHLHE41	0.4614	0.4131	0.5735	0.4386	0.416	0.4445
BNC1	0.1989	0.564	0.6824	0.4035	0.5897	0.5007
BNC2	0.374	0.3539	0.6274	0.4904	0.4976	0.447
BPTF	0.4606	0.4629	0.3998	0.4662	0.4667	0.4723
BRF2	0.4276	0.4405	0.4881	0.4519	0.4554	0.4629
BSX	0.6931	0.2815	0.6146	0.212	0.6931	0.5664
C11ORF95	0.411	0.4673	0.4662	0.4696	0.4446	0.4685
CAMTA1	0.4515	0.45	0.4779	0.4504	0.4426	0.4521
CAMTA2	0.4588	0.4496	0.4406	0.4587	0.4548	0.4615
CARF	0.4982	0.5097	0.3385	0.4846	0.4667	0.4531
CASZ1	0.4986	0.5152	0.4434	0.4129	0.4861	0.3853
CBFB	0.4769	0.442	0.4213	0.4567	0.4548	0.4747
CBX2	0.4007	0.4433	0.4087	0.4765	0.4505	0.5687
CC2D1A	0.4599	0.4396	0.465	0.4483	0.4488	0.4626
CCDC169-SOHLH2	0.614	0.5124	0.2639	0.5256	0.4518	0.4542
CCDC17	0.5153	0.5699	0.2379	0.5103	0.5275	0.467
CDC5L	0.4486	0.4457	0.4453	0.4598	0.4578	0.4668
CDX1	0.1882	0.5821	0.69	0.4689	0.5301	0.4781
CDX2	0.65	0.6267	0.4922	0.3245	0.4333	0.3336
CDX4	0.6931	0.5685	0.6312	0.2506	0.5693	0.2734
CEBPA	0.477	0.5161	0.3705	0.4609	0.4667	0.4482
CEBPB	0.4865	0.4472	0.4695	0.4372	0.4442	0.4414
CEBPD	0.466	0.4941	0.4608	0.44	0.4428	0.4238
CEBPE	0.5046	0.6024	0.1151	0.598	0.6004	0.6056
CEBPG	0.4469	0.4785	0.4493	0.448	0.4447	0.4573
CEBPZ	0.4348	0.456	0.4602	0.4536	0.4573	0.4622
CENPA	0.396	0.4128	0.4555	0.4556	0.4465	0.5875
CENPB	0.462	0.4395	0.4848	0.4475	0.4352	0.4567
CENPBD1	0.4696	0.4329	0.4467	0.4605	0.4522	0.4628
CENPT	0.442	0.4623	0.4294	0.4628	0.4497	0.4795
CERS3	0.5231	0.5228	0.5344	0.2793	0.5862	0.3754
CGGBP1	0.4647	0.4505	0.4238	0.4667	0.4582	0.4613
CHAMP1	0.4807	0.4368	0.4103	0.469	0.4602	0.4713
CHCHD3	0.4589	0.4349	0.4618	0.4558	0.4507	0.4621
CIC	0.4534	0.444	0.4443	0.4569	0.4567	0.4688
CLOCK	0.461	0.4607	0.4286	0.4553	0.4671	0.452
CPEB1	0.2885	0.3992	0.642	0.5355	0.4457	0.5171
CPXCR1	0.6931	0.5094	0.5911	0.3091	0.3749	0.3955
CREB1	0.4733	0.4632	0.3932	0.4669	0.4683	0.465
CREB3	0.4585	0.4477	0.5008	0.4404	0.4352	0.4448
CREB3L1	0.5219	0.4765	0.6294	0.3647	0.4314	0.3688
CREB3L2	0.4743	0.4341	0.4264	0.4592	0.4855	0.4475
CREB3L3	0.4396	0.6294	0.5044	0.426	0.4597	0.3311
CREB3L4	0.4646	0.4609	0.4377	0.4393	0.4647	0.4573
CREB5	0.492	0.4473	0.4379	0.474	0.4107	0.4674
CREBL2	0.428	0.4392	0.4942	0.4606	0.4625	0.4427
CREBZF	0.4763	0.4671	0.4146	0.4561	0.4463	0.4664
CREM	0.4469	0.446	0.4972	0.4513	0.4443	0.4409
CRX	0.412	0.4948	0.6096	0.3328	0.4682	0.4638
CSRNP1	0.4829	0.4933	0.4296	0.463	0.4515	0.41
CSRNP2	0.4365	0.4552	0.4515	0.4585	0.4491	0.4737
CSRNP3	0.4144	0.5504	0.6649	0.4453	0.3449	0.3981
CTCF	0.4583	0.4528	0.4343	0.457	0.4604	0.4614
CTCFL	0.5075	0.3205	0.662	0.4367	0.3201	0.63
CUX1	0.4704	0.4663	0.4299	0.451	0.4549	0.4524
CUX2	0.351	0.6297	0.4994	0.4903	0.3869	0.433
CXXC1	0.4416	0.4554	0.434	0.4618	0.458	0.4741
CXXC4	0.4665	0.532	0.6668	0.4244	0.299	0.4393
CXXC5	0.452	0.454	0.4655	0.4574	0.4315	0.4641
DACH1	0.487	0.6063	0.3474	0.4605	0.4801	0.3958
DACH2	0.5159	0.6194	0.6883	0.4611	0.2025	0.4475
DBP	0.4305	0.4468	0.4933	0.4481	0.4486	0.4592
DBX1	0.3087	0.5838	0.6386	0.3295	0.3996	0.6252
DBX2	0.6776	0.6288	0.6488	0.4671	0.121	0.5203
DDIT3	0.4503	0.4434	0.4785	0.4507	0.4365	0.4657
DEAF1	0.4607	0.45	0.4479	0.4564	0.4399	0.4693
DLX1	0.4151	0.3423	0.6046	0.4779	0.3796	0.5841
DLX2	0.3753	0.3702	0.6117	0.4727	0.3826	0.5962
DLX3	0.5142	0.5118	0.6209	0.3381	0.4129	0.3972
DLX4	0.451	0.4323	0.3955	0.4251	0.4952	0.544
DLX5	0.496	0.3986	0.6612	0.3659	0.3845	0.5011
DLX6	0.5809	0.3682	0.6744	0.3802	0.3046	0.568
DMBX1	0.4693	0.4964	0.6708	0.3327	0.2879	0.6357
DMRT1	0.0727	0.6676	0.6534	0.5576	0.5461	0.66
DMRT2	0.6249	0.425	0.6754	0.4302	0.4278	0.287
DMRT3	0.5086	0.3931	0.6766	0.3839	0.4741	0.3775
DMRTA1	0.4696	0.4378	0.6686	0.4057	0.5257	0.3153
DMRTA2	0.5113	0.5287	0.6585	0.3738	0.2222	0.624
DMRTB1	0.0708	0.6009	0.6878	0.5648	0.6374	0.5908
DMRTC2	0.1707	0.6013	0.5977	0.3848	0.6554	0.5727
DMTF1	0.4524	0.4748	0.3916	0.4696	0.4617	0.4807
DNMT1	0.4656	0.4474	0.4022	0.4632	0.4537	0.498
DNTTIP1	0.4568	0.4468	0.4604	0.449	0.4426	0.4685
DOT1L	0.4567	0.4525	0.3905	0.4788	0.4589	0.4948
DPF1	0.3535	0.4957	0.4987	0.5107	0.3238	0.6293
DPF3	0.4349	0.4969	0.5221	0.4969	0.3269	0.4816
DPRX	0.5276	0.5399	0.5777	0.3969	0.4457	0.3081
DR1	0.4791	0.445	0.4316	0.4548	0.4581	0.4565
DRAP1	0.4465	0.4472	0.4744	0.4491	0.4422	0.4651
DRGX	0.1197	0.6271	0.6871	0.4954	0.5314	0.5878
DUX4	0.3861	0.5061	0.6177	0.3741	0.4346	0.4595
DUXA	0.3419	0.4072	0.6931	0.4712	0.5936	0.3544
DZIP1	0.4247	0.4613	0.6317	0.4416	0.381	0.4341
E2F1	0.4265	0.4241	0.4333	0.463	0.4334	0.5621
E2F2	0.4273	0.4507	0.3445	0.4864	0.4778	0.5767
E2F3	0.4722	0.4308	0.39	0.4693	0.463	0.5097
E2F4	0.4545	0.4514	0.4317	0.4573	0.4607	0.4691
E2F5	0.4708	0.4533	0.4573	0.4448	0.4252	0.4743
E2F6	0.4409	0.4409	0.4626	0.4574	0.446	0.477
E2F7	0.4762	0.3898	0.3897	0.4564	0.4475	0.6065
E2F8	0.5032	0.4606	0.3211	0.45	0.4659	0.5691
E4F1	0.435	0.452	0.4578	0.4521	0.4501	0.4777
EAF2	0.4826	0.5081	0.3208	0.4807	0.4927	0.4726
EBF1	0.4374	0.4796	0.5157	0.4556	0.4582	0.3893
EBF2	0.3724	0.4431	0.6809	0.4299	0.4929	0.3907
EBF3	0.5483	0.3823	0.4925	0.4515	0.4805	0.3951
EBF4	0.4405	0.5019	0.5813	0.4263	0.3827	0.4246
EEA1	0.5061	0.4654	0.3948	0.4645	0.4528	0.4487
EGR1	0.4899	0.4698	0.4335	0.4608	0.462	0.4127
EGR2	0.4781	0.4507	0.5029	0.4613	0.4487	0.3914
EGR3	0.491	0.4136	0.5006	0.4794	0.4472	0.4032
EGR4	0.226	0.5364	0.6439	0.4782	0.4361	0.5514
EHF	0.5772	0.5617	0.6838	0.3316	0.4759	0.2705
ELF1	0.4973	0.4506	0.3925	0.4616	0.4832	0.4474
ELF2	0.4761	0.473	0.3889	0.4652	0.4675	0.4604
ELF3	0.4694	0.6055	0.5866	0.3452	0.4727	0.3351
ELF4	0.4977	0.4818	0.356	0.4507	0.4902	0.4663
ELF5	0.6724	0.6252	0.6258	0.3804	0.5406	0.1661
ELK1	0.4576	0.4347	0.4625	0.4536	0.4447	0.4714
ELK3	0.4428	0.4494	0.4395	0.4603	0.4781	0.4547
ELK4	0.4848	0.456	0.3795	0.4612	0.4851	0.4676
EMX1	0.3256	0.6295	0.5969	0.4405	0.432	0.3955
EMX2	0.4408	0.5797	0.6514	0.4309	0.3252	0.3967
EN1	0.5083	0.3462	0.6847	0.3999	0.3539	0.5529
EN2	0.633	0.147	0.6892	0.5132	0.4218	0.6317
EOMES	0.4119	0.3367	0.41	0.5084	0.5775	0.5368
EPAS1	0.452	0.4542	0.5748	0.4344	0.434	0.3986
ERF	0.4586	0.4371	0.4572	0.4566	0.4467	0.468
ERG	0.4973	0.5238	0.3233	0.4796	0.5139	0.4258
ESR1	0.5346	0.534	0.4927	0.4031	0.4378	0.3575
ESR2	0.438	0.4179	0.4111	0.4967	0.5144	0.4575
ESRRA	0.4631	0.4476	0.4693	0.4461	0.4528	0.4453
ESRRB	0.4351	0.5231	0.5832	0.5189	0.456	0.2839
ESRRG	0.4088	0.5651	0.6631	0.4453	0.4423	0.3071
ESX1	0.079	0.6435	0.6867	0.5322	0.5471	0.6629
ETS1	0.4572	0.421	0.4653	0.4627	0.4739	0.4458
ETS2	0.4923	0.4983	0.4141	0.4423	0.4675	0.418
ETV1	0.432	0.3777	0.6648	0.4722	0.3839	0.4678
ETV2	0.4597	0.3818	0.5735	0.4305	0.4567	0.4482
ETV3	0.4463	0.4363	0.4401	0.4637	0.48	0.459
ETV3L	0.5378	0.4727	0.539	0.4464	0.4671	0.31
ETV4	0.3956	0.3405	0.6298	0.4486	0.4484	0.5323
ETV5	0.4082	0.3714	0.5488	0.4798	0.4508	0.4915
ETV6	0.5119	0.4644	0.345	0.4656	0.4846	0.4755
ETV7	0.388	0.4269	0.613	0.4042	0.4734	0.4622
EVX1	0.3484	0.6327	0.6755	0.3586	0.427	0.4193
EVX2	0.5852	0.4292	0.6333	0.4606	0.437	0.2856
FAM170A	0.583	0.5004	0.3508	0.4126	0.4779	0.4418
FAM200B	0.467	0.4516	0.4627	0.4551	0.4402	0.4477
FBXL19	0.4516	0.4408	0.4233	0.4539	0.4639	0.4939
FERD3L	0.6931	0.4046	0.6222	0.3756	0.3055	0.4815
FEV	0.1991	0.5948	0.6316	0.473	0.5166	0.482
FEZF1	0.609	0.4014	0.6912	0.2943	0.3243	0.6055
FEZF2	0.6931	0.6592	0.6906	0.4718	0.0908	0.555
FIGLA	0.1855	0.5952	0.6567	0.5146	0.4931	0.4776
FIZ1	0.4491	0.4488	0.4619	0.45	0.4505	0.4636
FLI1	0.4704	0.4901	0.3413	0.4913	0.4931	0.4614
FLYWCH1	0.4501	0.4362	0.4475	0.4599	0.4572	0.4736
FOS	0.499	0.4755	0.4049	0.4638	0.4682	0.4207
FOSB	0.5303	0.5178	0.3275	0.4868	0.5243	0.3872
FOSL1	0.5611	0.3997	0.4052	0.4473	0.471	0.4622
FOSL2	0.4899	0.4897	0.4091	0.4448	0.4678	0.4297
FOXA1	0.647	0.5834	0.6861	0.2711	0.5213	0.2653
FOXA2	0.6221	0.6282	0.6784	0.355	0.3955	0.2614
FOXA3	0.3598	0.5712	0.6487	0.4032	0.4757	0.3615
FOXB1	0.5387	0.4071	0.5804	0.3751	0.325	0.5861
FOXB2	0.3442	0.5888	0.6822	0.2555	0.4434	0.6103
FOXC1	0.5171	0.4651	0.4853	0.4216	0.4499	0.3973
FOXC2	0.4405	0.4872	0.6518	0.3905	0.4358	0.3837
FOXD1	0.5554	0.3592	0.6677	0.4091	0.3199	0.5364
FOXD2	0.4979	0.3336	0.4835	0.4613	0.4884	0.4863
FOXD3	0.5712	0.1368	0.6916	0.5473	0.4644	0.6091
FOXD4	0.4261	0.4634	0.4815	0.4231	0.4257	0.5129
FOXD4L1	0.509	0.4933	0.3246	0.4781	0.4179	0.5439
FOXD4L3	0.4066	0.4551	0.5557	0.4521	0.3487	0.5499
FOXD4L4	0.5038	0.4811	0.3634	0.4636	0.3966	0.5469
FOXD4L5	0.5002	0.5085	0.273	0.4845	0.4749	0.552
FOXD4L6	0.4784	0.4828	0.4869	0.4494	0.3253	0.5369
FOXE1	0.6591	0.5096	0.6344	0.2615	0.5506	0.3083
FOXE3	0.1853	0.5525	0.6127	0.4926	0.4686	0.5989
FOXF1	0.5082	0.5183	0.668	0.3962	0.4389	0.3021
FOXF2	0.6142	0.3898	0.6558	0.4012	0.3888	0.3832
FOXG1	0.6137	0.5839	0.6918	0.4728	0.1003	0.6429
FOXH1	0.161	0.6011	0.5801	0.4965	0.4986	0.6047
FOXI1	0.5807	0.639	0.5709	0.4255	0.6473	0.1451
FOXI2	0.5801	0.545	0.6134	0.4022	0.635	0.1779
FOXI3	0.0983	0.644	0.6908	0.507	0.5224	0.6493
FOXJ1	0.6553	0.6026	0.6375	0.3727	0.2682	0.381
FOXJ2	0.4665	0.4569	0.4198	0.4619	0.4601	0.4603
FOXJ3	0.4621	0.4594	0.4076	0.4638	0.4671	0.4672
FOXK1	0.4745	0.4459	0.4042	0.4655	0.4531	0.4859
FOXK2	0.4646	0.4461	0.4251	0.4569	0.4563	0.4767
FOXL1	0.4866	0.4879	0.6207	0.3687	0.3982	0.4171
FOXL2	0.3848	0.4435	0.6562	0.4075	0.3847	0.5234
FOXM1	0.4537	0.4151	0.4125	0.4536	0.4427	0.5674
FOXN1	0.5419	0.5729	0.679	0.2452	0.5946	0.3079
FOXN2	0.4791	0.4497	0.3755	0.4848	0.4623	0.484
FOXN3	0.4754	0.4782	0.3932	0.4704	0.4707	0.4429
FOXN4	0.3189	0.5625	0.6365	0.4637	0.3109	0.5614
FOXO1	0.4896	0.4523	0.472	0.4585	0.444	0.4118
FOXO3	0.4769	0.47	0.4335	0.4513	0.454	0.4397
FOXO4	0.4947	0.4342	0.4551	0.4576	0.4592	0.4265
FOXO6	0.3548	0.502	0.6038	0.4215	0.3936	0.504
FOXP1	0.4882	0.4991	0.3645	0.457	0.4931	0.4396
FOXP2	0.503	0.4927	0.6389	0.4233	0.4508	0.3003
FOXP3	0.4149	0.397	0.4938	0.4273	0.4983	0.5086
FOXP4	0.4857	0.4282	0.4888	0.4308	0.4542	0.4407
FOXQ1	0.5796	0.6056	0.6703	0.2933	0.4146	0.3334
FOXR1	0.0881	0.6831	0.5335	0.5838	0.5592	0.6743
FOXR2	0.1774	0.3194	0.6702	0.5963	0.6101	0.6888
FOXS1	0.3635	0.4523	0.6867	0.4193	0.4113	0.4793
GABPA	0.4521	0.4677	0.4255	0.4651	0.4626	0.4521
GATA1	0.637	0.668	0.0547	0.6206	0.6385	0.5759
GATA2	0.4928	0.5415	0.327	0.4671	0.5117	0.4244
GATA3	0.3769	0.5109	0.5021	0.4182	0.5877	0.3769
GATA4	0.2698	0.3948	0.6885	0.4762	0.516	0.5179
GATA5	0.4749	0.5809	0.5757	0.4101	0.5153	0.2671
GATA6	0.5152	0.4688	0.6769	0.3925	0.4424	0.3274
GATAD2A	0.4452	0.4355	0.4398	0.4628	0.4643	0.4777
GATAD2B	0.4801	0.4492	0.3993	0.4691	0.4513	0.4808
GBX1	0.4256	0.4628	0.4646	0.4406	0.3615	0.6167
GBX2	0.3016	0.455	0.6915	0.514	0.2997	0.6752
GCM1	0.5796	0.533	0.548	0.3699	0.5154	0.2785
GCM2	0.4824	0.6417	0.1115	0.595	0.5877	0.6334
GFI1	0.5098	0.4959	0.1998	0.5321	0.5908	0.5441
GFI1B	0.6735	0.6357	0.0609	0.6205	0.5853	0.5978
GLI1	0.3934	0.4788	0.43	0.4602	0.5087	0.4633
GLI2	0.3949	0.5184	0.5513	0.4299	0.3967	0.4606
GLI3	0.5632	0.331	0.6245	0.4305	0.4345	0.4183
GLI4	0.4468	0.4598	0.4358	0.4548	0.445	0.4831
GLIS1	0.5029	0.5301	0.6614	0.3778	0.3658	0.3798
GLIS2	0.4152	0.4648	0.6125	0.4235	0.4153	0.4314
GLIS3	0.4377	0.5509	0.5747	0.4308	0.3765	0.3983
GLMP	0.448	0.4107	0.4947	0.4488	0.4637	0.4626
GLYR1	0.4603	0.4591	0.4343	0.4576	0.4574	0.4554
GMEB1	0.4627	0.4505	0.3985	0.4676	0.479	0.4711
GMEB2	0.4358	0.4541	0.4575	0.451	0.4559	0.47
GPBP1	0.4565	0.4613	0.4344	0.4568	0.4545	0.4606
GPBP1L1	0.4515	0.4674	0.4248	0.457	0.4698	0.4546
GRHL1	0.4291	0.5322	0.6181	0.3585	0.4873	0.3674
GRHL2	0.5821	0.6049	0.669	0.2882	0.5058	0.2761
GRHL3	0.5022	0.565	0.6382	0.3161	0.3745	0.4283
GSC	0.5063	0.4655	0.6505	0.3945	0.3176	0.4761
GSC2	0.0974	0.5874	0.6238	0.5495	0.5515	0.6655
GSX1	0.6931	0.6842	0.6252	0.515	0.0525	0.6865
GSX2	0.6931	0.6054	0.6861	0.4975	0.0767	0.6146
GTF2B	0.4566	0.4508	0.4511	0.4554	0.4562	0.4533
GTF2I	0.4584	0.4571	0.4261	0.4611	0.4596	0.4625
GTF2IRD1	0.416	0.4434	0.5952	0.4204	0.4208	0.459
GTF2IRD2	0.4406	0.4582	0.4373	0.4619	0.4577	0.469
GTF2IRD2B	0.4856	0.458	0.4097	0.4627	0.4548	0.4569
GTF3A	0.4578	0.4512	0.4366	0.4566	0.453	0.4689
GZF1	0.4734	0.45	0.4293	0.4644	0.4422	0.4661
HAND1	0.1653	0.6103	0.6875	0.4809	0.6137	0.4357
HAND2	0.2866	0.5179	0.6926	0.4749	0.4588	0.4181
HBP1	0.4548	0.4523	0.449	0.4582	0.4637	0.4458
HDX	0.4477	0.4349	0.5243	0.4591	0.4263	0.4397
HELT	0.6188	0.6102	0.6931	0.5063	0.5254	0.1126
HES1	0.4977	0.4158	0.6328	0.4014	0.4327	0.3982
HES2	0.4158	0.4895	0.6518	0.3576	0.462	0.417
HES3	0.1909	0.5191	0.5638	0.461	0.5277	0.6436
HES4	0.4157	0.4838	0.6041	0.4054	0.3853	0.4722
HES5	0.5879	0.5817	0.6264	0.4416	0.1673	0.5409
HES6	0.4959	0.4077	0.5193	0.4462	0.3591	0.526
HES7	0.4496	0.4719	0.5426	0.4592	0.2923	0.5765
HESX1	0.4826	0.4687	0.3549	0.486	0.4464	0.505
HEY1	0.4979	0.3696	0.6719	0.445	0.3579	0.47
HEY2	0.4509	0.4176	0.6617	0.4359	0.3825	0.4413
HEYL	0.404	0.4551	0.548	0.434	0.4562	0.4422
HHEX	0.4561	0.4807	0.3445	0.4881	0.5085	0.4694
HIC1	0.4417	0.4639	0.4669	0.4517	0.4755	0.426
HIC2	0.3561	0.4802	0.392	0.5045	0.5018	0.5213
HIF1A	0.4691	0.4641	0.4348	0.4521	0.4483	0.456
HIF3A	0.4491	0.5267	0.6255	0.4504	0.3911	0.3478
HINFP	0.4641	0.4718	0.4083	0.4608	0.4488	0.4736
HIVEP1	0.456	0.4558	0.4335	0.4534	0.4698	0.4559
HIVEP2	0.4884	0.4627	0.4326	0.4503	0.454	0.4381
HIVEP3	0.5005	0.4067	0.4137	0.4721	0.475	0.4649
HKR1	0.4228	0.4655	0.437	0.4665	0.4605	0.4738
HLF	0.3945	0.587	0.594	0.4593	0.4309	0.3333
HLX	0.4738	0.4251	0.4065	0.474	0.4782	0.4726
HMBOX1	0.4482	0.4645	0.4028	0.4789	0.4578	0.4767
HMG20A	0.4623	0.4349	0.4186	0.4751	0.4644	0.4716
HMG20B	0.4578	0.4255	0.4648	0.4529	0.4578	0.4661
HMGA1	0.4439	0.4308	0.4393	0.4576	0.4637	0.4913
HMGA2	0.6533	0.2819	0.4927	0.4068	0.4208	0.5972
HMGN3	0.4457	0.461	0.4592	0.4521	0.4523	0.4534
HMX1	0.4613	0.6049	0.6904	0.4732	0.145	0.6618
HMX2	0.561	0.4947	0.4835	0.4174	0.4402	0.3599
HMX3	0.5405	0.5193	0.3889	0.4446	0.3623	0.5048
HNF1A	0.3677	0.6518	0.5964	0.3712	0.5123	0.3439
HNF1B	0.3499	0.6597	0.6894	0.3817	0.5627	0.2883
HNF4A	0.4427	0.6477	0.6717	0.3586	0.4882	0.2836
HNF4G	0.4989	0.546	0.6668	0.3521	0.422	0.3445
HOMEZ	0.4807	0.4485	0.4342	0.445	0.4685	0.4486
HOPX	0.5012	0.5329	0.448	0.4333	0.4073	0.4175
HOXA1	0.3523	0.3995	0.4633	0.4717	0.559	0.5168
HOXA10	0.5773	0.4419	0.3747	0.4374	0.4753	0.4468
HOXA11	0.6033	0.3633	0.4957	0.4287	0.448	0.4293
HOXA13	0.5994	0.4535	0.5845	0.3732	0.3796	0.4038
HOXA2	0.497	0.5056	0.3639	0.4732	0.4947	0.4118
HOXA3	0.4544	0.4676	0.3813	0.4641	0.5226	0.4476
HOXA4	0.4761	0.4287	0.4302	0.4661	0.5064	0.4235
HOXA5	0.4987	0.4627	0.382	0.4713	0.5158	0.411
HOXA6	0.5367	0.4706	0.29	0.5053	0.531	0.45
HOXA7	0.4635	0.4935	0.3926	0.47	0.4979	0.4182
HOXA9	0.5793	0.5728	0.2667	0.456	0.5299	0.4191
HOXB1	0.0828	0.6601	0.5618	0.5529	0.6722	0.592
HOXB13	0.6223	0.3003	0.691	0.3688	0.4567	0.4415
HOXB2	0.3925	0.4589	0.4623	0.4574	0.5046	0.4567
HOXB3	0.4274	0.4831	0.3827	0.4683	0.5106	0.4652
HOXB4	0.4283	0.4537	0.3688	0.4841	0.5256	0.4833
HOXB5	0.3848	0.486	0.4398	0.4603	0.5265	0.4416
HOXB6	0.4565	0.4478	0.4446	0.4419	0.5149	0.4243
HOXB7	0.3941	0.3875	0.5894	0.438	0.4952	0.4571
HOXB8	0.3645	0.4334	0.5413	0.4611	0.5167	0.4342
HOXB9	0.4687	0.4018	0.5246	0.4349	0.4894	0.4187
HOXC10	0.4077	0.339	0.6734	0.4236	0.4964	0.473
HOXC11	0.6137	0.2758	0.6791	0.3337	0.4544	0.5459
HOXC12	0.6389	0.2112	0.6595	0.3783	0.4466	0.6259
HOXC13	0.6011	0.2231	0.6913	0.3625	0.4847	0.5788
HOXC4	0.4264	0.3666	0.6304	0.4398	0.4299	0.4852
HOXC5	0.4077	0.3408	0.6686	0.4568	0.4213	0.517
HOXC6	0.4004	0.3323	0.6565	0.4283	0.5148	0.4767
HOXC8	0.4264	0.3068	0.6746	0.4271	0.5319	0.4626
HOXC9	0.3657	0.3262	0.6723	0.448	0.5239	0.4934
HOXD1	0.3934	0.4164	0.6891	0.4526	0.418	0.4372
HOXD10	0.4764	0.504	0.6901	0.3963	0.4121	0.3467
HOXD11	0.5349	0.4883	0.69	0.3771	0.3624	0.3829
HOXD12	0.6449	0.2154	0.6526	0.4841	0.4432	0.4711
HOXD13	0.6199	0.1964	0.6813	0.4603	0.4525	0.5266
HOXD3	0.382	0.424	0.6797	0.4718	0.4138	0.4316
HOXD4	0.4239	0.3682	0.6823	0.4717	0.4091	0.4524
HOXD8	0.4162	0.3914	0.6782	0.4425	0.4602	0.4118
HOXD9	0.4136	0.3854	0.6882	0.4377	0.4539	0.4282
HSF1	0.459	0.4431	0.4432	0.4525	0.4581	0.4683
HSF2	0.4419	0.4629	0.4326	0.4661	0.45	0.4715
HSF4	0.4682	0.4216	0.4707	0.4401	0.4394	0.4876
HSF5	0.5086	0.6061	0.0935	0.6222	0.6378	0.6184
HSFX1	0.4506	0.46	0.465	0.4507	0.4575	0.4402
HSFX2	0.3679	0.5057	0.5381	0.4472	0.4069	0.4855
HSFY1	0.4099	0.6176	0.4361	0.4169	0.4636	0.4211
HSFY2	0.4418	0.59	0.3999	0.4566	0.3826	0.49
ID1	0.4623	0.502	0.5703	0.4135	0.4202	0.3863
ID2	0.4822	0.4814	0.4631	0.4463	0.425	0.4298
ID3	0.45	0.4652	0.6206	0.422	0.4019	0.4083
IKZF1	0.4672	0.4989	0.2749	0.5151	0.5224	0.5106
IKZF2	0.5101	0.5264	0.343	0.4478	0.4841	0.4422
IKZF3	0.4116	0.4433	0.3502	0.4798	0.5798	0.5014
IKZF4	0.4651	0.4703	0.3973	0.4706	0.4627	0.4631
IKZF5	0.4659	0.4857	0.3997	0.4674	0.4589	0.4518
INSM1	0.2794	0.6135	0.6779	0.473	0.2983	0.5838
INSM2	0.1331	0.5879	0.6505	0.5498	0.4512	0.6538
IRF1	0.4602	0.4586	0.4238	0.4562	0.4728	0.4536
IRF2	0.4771	0.4535	0.4328	0.4529	0.4602	0.4485
IRF3	0.4516	0.4498	0.448	0.4493	0.4568	0.4683
IRF4	0.4642	0.2899	0.4104	0.5301	0.5917	0.5171
IRF5	0.4777	0.4818	0.3577	0.4671	0.4728	0.483
IRF6	0.4325	0.5644	0.6287	0.3476	0.5131	0.3348
IRF7	0.4389	0.451	0.437	0.4512	0.4657	0.4818
IRF8	0.4568	0.4789	0.3733	0.4826	0.4859	0.4585
IRF9	0.4419	0.4593	0.4538	0.4515	0.4521	0.4653
IRX1	0.3844	0.5253	0.5364	0.5119	0.4355	0.3679
IRX2	0.5481	0.5065	0.6663	0.3737	0.4764	0.281
IRX3	0.5292	0.4268	0.5074	0.3957	0.4954	0.3934
IRX4	0.1774	0.6182	0.6927	0.4203	0.6152	0.4662
IRX5	0.4849	0.4051	0.5386	0.4024	0.5169	0.4023
IRX6	0.3518	0.2868	0.6545	0.5039	0.6426	0.4425
ISL1	0.2371	0.4851	0.6883	0.4428	0.575	0.4599
ISL2	0.3741	0.4425	0.5954	0.4522	0.3815	0.5277
ISX	0.6793	0.6309	0.6476	0.3431	0.4253	0.2412
JAZF1	0.4469	0.437	0.4721	0.4712	0.4402	0.4577
JDP2	0.4767	0.4775	0.4459	0.4501	0.4491	0.4268
JRK	0.4474	0.4257	0.4091	0.4796	0.4748	0.4945
JRKL	0.4945	0.4466	0.4279	0.4471	0.4549	0.4558
JUN	0.4908	0.473	0.4694	0.4402	0.4416	0.4139
JUNB	0.4678	0.4736	0.4405	0.4502	0.4587	0.4343
JUND	0.454	0.471	0.436	0.4592	0.4577	0.4466
KAT7	0.4395	0.4561	0.4285	0.4702	0.4585	0.4728
KCMF1	0.4758	0.4492	0.4365	0.4524	0.4537	0.457
KCNIP3	0.4855	0.4064	0.5975	0.4454	0.3887	0.4379
KDM2A	0.4635	0.4635	0.4082	0.4581	0.47	0.4638
KDM2B	0.4533	0.4575	0.4071	0.4674	0.4608	0.4818
KDM5B	0.4566	0.4546	0.4018	0.4597	0.4749	0.4813
KIN	0.4475	0.4414	0.4373	0.4576	0.4714	0.4696
KLF1	0.602	0.6006	0.0806	0.6073	0.5646	0.6539
KLF10	0.4599	0.478	0.4286	0.4577	0.4745	0.428
KLF11	0.4362	0.4696	0.437	0.462	0.4987	0.425
KLF12	0.4593	0.4479	0.4461	0.4778	0.4319	0.4622
KLF13	0.4341	0.4735	0.436	0.4632	0.4566	0.4618
KLF14	0.5553	0.1284	0.6717	0.5164	0.6274	0.5202
KLF15	0.502	0.4229	0.6726	0.461	0.3707	0.3795
KLF16	0.4334	0.4479	0.4353	0.4593	0.4618	0.4886
KLF17	0.3157	0.4273	0.5919	0.5042	0.4495	0.4939
KLF2	0.4608	0.4892	0.3919	0.4742	0.4906	0.4272
KLF3	0.5027	0.4732	0.4144	0.4463	0.4581	0.4352
KLF4	0.4296	0.5036	0.4391	0.4538	0.5145	0.3967
KLF5	0.4936	0.5109	0.5608	0.3744	0.4733	0.3552
KLF6	0.4962	0.4649	0.395	0.4642	0.4799	0.4324
KLF7	0.4473	0.4915	0.3863	0.4717	0.47	0.466
KLF8	0.3959	0.539	0.4689	0.439	0.5098	0.3948
KLF9	0.4604	0.4737	0.5157	0.4562	0.4297	0.3985
KMT2A	0.475	0.481	0.3639	0.4769	0.4734	0.4679
KMT2B	0.4395	0.4564	0.4296	0.4572	0.4585	0.4847
L3MBTL1	0.4428	0.4985	0.3523	0.4835	0.4602	0.509
L3MBTL3	0.4665	0.4762	0.3785	0.4631	0.4876	0.4621
L3MBTL4	0.4808	0.4566	0.4854	0.4653	0.4376	0.4041
LBX1	0.3386	0.3893	0.6747	0.5149	0.3505	0.5886
LBX2	0.5599	0.3354	0.404	0.4466	0.4801	0.5485
LCOR	0.4565	0.5064	0.342	0.4706	0.5056	0.4682
LCORL	0.4871	0.4539	0.3943	0.4669	0.4576	0.4706
LEF1	0.4947	0.3618	0.4577	0.4628	0.4576	0.507
LEUTX	0.2427	0.5332	0.6931	0.3869	0.445	0.6149
LHX1	0.3317	0.4164	0.6822	0.5092	0.4261	0.4557
LHX2	0.5232	0.3756	0.6431	0.4769	0.2489	0.6151
LHX3	0.5242	0.6298	0.4856	0.3659	0.2505	0.6283
LHX4	0.5583	0.5558	0.195	0.5355	0.4788	0.5539
LHX5	0.5963	0.61	0.6887	0.3091	0.1995	0.616
LHX6	0.3931	0.461	0.4936	0.4729	0.477	0.4349
LHX8	0.2831	0.4074	0.6821	0.3801	0.6364	0.5039
LHX9	0.383	0.5798	0.6813	0.4557	0.2641	0.5142
LIN28A	0.1076	0.4941	0.5256	0.6099	0.6701	0.682
LIN28B	0.1091	0.4649	0.6893	0.5502	0.605	0.6846
LIN54	0.4899	0.4589	0.3974	0.4613	0.4577	0.4647
LMX1A	0.6176	0.5522	0.6699	0.3833	0.3607	0.3019
LMX1B	0.5009	0.3657	0.5722	0.3876	0.5981	0.3736
LTF	0.5147	0.5588	0.4938	0.431	0.4198	0.3459
LYL1	0.4719	0.4798	0.3116	0.5055	0.4921	0.5018
MAF	0.45	0.4372	0.5514	0.4399	0.4431	0.417
MAFA	0.3882	0.5636	0.5377	0.4137	0.4006	0.457
MAFB	0.4722	0.4499	0.4936	0.4439	0.4272	0.4406
MAFF	0.4878	0.4246	0.4887	0.4479	0.4642	0.4166
MAFG	0.4567	0.4468	0.3978	0.4778	0.4656	0.4856
MAFK	0.4879	0.4466	0.4409	0.4466	0.4617	0.442
MAX	0.463	0.4492	0.4283	0.4588	0.464	0.4615
MAZ	0.4561	0.446	0.4428	0.4535	0.4528	0.4729
MBD1	0.4652	0.45	0.432	0.4596	0.4567	0.4609
MBD2	0.4598	0.4493	0.4592	0.4452	0.4668	0.4437
MBD3	0.44	0.4488	0.4593	0.4583	0.4487	0.4691
MBD4	0.4568	0.4673	0.4191	0.4569	0.4611	0.4645
MBD6	0.4454	0.4571	0.4247	0.4569	0.4711	0.4703
MBNL2	0.5038	0.4364	0.4682	0.4493	0.4489	0.4223
MECOM	0.4937	0.5248	0.5983	0.3957	0.4316	0.3395
MECP2	0.4579	0.4429	0.4158	0.4656	0.4728	0.4718
MEF2A	0.4804	0.4562	0.4192	0.464	0.4578	0.4487
MEF2B	0.3709	0.4804	0.4226	0.4737	0.4762	0.5184
MEF2C	0.4981	0.4504	0.3714	0.4921	0.4657	0.4601
MEF2D	0.4644	0.4448	0.4147	0.4667	0.4722	0.4638
MEIS1	0.5025	0.5001	0.4049	0.4581	0.4281	0.4404
MEIS2	0.51	0.4156	0.6125	0.4361	0.4028	0.3946
MEIS3	0.4426	0.4306	0.6463	0.4304	0.3648	0.4706
MEOX1	0.4321	0.4233	0.6284	0.4376	0.5072	0.3548
MEOX2	0.5279	0.3763	0.6812	0.458	0.4278	0.3523
MESP1	0.4451	0.4529	0.5893	0.4284	0.3859	0.4535
MESP2	0.3663	0.485	0.6225	0.3991	0.4239	0.4823
MGA	0.4663	0.4743	0.3509	0.4819	0.4894	0.4802
MIER3	0.4556	0.468	0.4294	0.4642	0.4562	0.4514
MITF	0.5084	0.3184	0.4885	0.4944	0.5124	0.4404
MIXL1	0.2771	0.4782	0.4333	0.5141	0.5369	0.5599
MKX	0.6002	0.5889	0.619	0.3564	0.3409	0.352
MLX	0.4678	0.4478	0.4421	0.4555	0.456	0.4549
MLXIP	0.4624	0.4549	0.3914	0.4718	0.4821	0.4682
MLXIPL	0.4253	0.5738	0.6162	0.4062	0.391	0.3815
MNT	0.4708	0.4452	0.4026	0.4656	0.4638	0.4809
MNX1	0.2436	0.5196	0.6396	0.4326	0.4634	0.5564
MSANTD1	0.4717	0.5741	0.3161	0.4981	0.408	0.5123
MSANTD3	0.4634	0.4295	0.4807	0.448	0.4377	0.4667
MSANTD4	0.477	0.4455	0.4385	0.4673	0.4348	0.4624
MSC	0.3717	0.3766	0.6038	0.4459	0.4885	0.4874
MSGN1	0.6094	0.5629	0.6066	0.2652	0.354	0.4702
MSX1	0.4932	0.4185	0.6485	0.4313	0.3403	0.4643
MSX2	0.3886	0.4223	0.6611	0.403	0.4647	0.4514
MTERF1	0.445	0.4415	0.4325	0.4644	0.4638	0.4782
MTERF2	0.4459	0.4641	0.4823	0.4492	0.4427	0.441
MTERF3	0.4499	0.4422	0.4539	0.4501	0.4529	0.4752
MTERF4	0.455	0.4661	0.4328	0.4596	0.459	0.452
MTF1	0.4788	0.4777	0.3842	0.4684	0.471	0.4524
MTF2	0.4529	0.4707	0.3769	0.4705	0.4799	0.4837
MXD1	0.5107	0.5158	0.3406	0.4577	0.474	0.4529
MXD3	0.4586	0.4452	0.41	0.4593	0.4269	0.5362
MXD4	0.4474	0.4566	0.456	0.4575	0.4504	0.4556
MXI1	0.4897	0.4286	0.4691	0.4571	0.4425	0.4399
MYB	0.5284	0.5701	0.2065	0.489	0.5576	0.5105
MYBL1	0.4598	0.4218	0.4179	0.4709	0.4387	0.5249
MYBL2	0.3978	0.4307	0.4292	0.4564	0.4556	0.581
MYC	0.507	0.4314	0.423	0.4529	0.462	0.453
MYCL	0.3844	0.5322	0.5276	0.4241	0.4257	0.4538
MYCN	0.3052	0.5569	0.401	0.5243	0.4336	0.5806
MYF5	0.6931	0.265	0.6316	0.3467	0.6931	0.3687
MYF6	0.6931	0.5	0.4326	0.4085	0.6107	0.2537
MYNN	0.4742	0.4658	0.4366	0.4496	0.4453	0.4533
MYOD1	0.4655	0.4405	0.6862	0.3969	0.3122	0.5374
MYOG	0.6775	0.5698	0.5479	0.3512	0.3734	0.3413
MYPOP	0.459	0.4433	0.4432	0.452	0.448	0.4794
MYRF	0.4693	0.5232	0.4718	0.453	0.376	0.4459
MYRFL	0.4994	0.6032	0.4985	0.3426	0.422	0.4136
MYSM1	0.4764	0.4704	0.3623	0.4709	0.4808	0.4777
MYT1	0.3293	0.5061	0.5643	0.4842	0.3295	0.6052
MYT1L	0.3355	0.5747	0.5843	0.5203	0.2547	0.6137
MZF1	0.4684	0.4793	0.3792	0.4658	0.4637	0.4771
NACC2	0.4863	0.438	0.4785	0.4668	0.4092	0.4503
NAIF1	0.452	0.4353	0.4724	0.4479	0.4569	0.4601
NANOG	0.0464	0.6711	0.5675	0.6213	0.6649	0.6641
NANOGNB	0.0482	0.6752	0.667	0.5691	0.6051	0.667
NANOGP8	0.0732	0.6569	0.5119	0.617	0.6436	0.6532
NCOA1	0.4589	0.482	0.4036	0.4708	0.4581	0.4551
NCOA2	0.4553	0.475	0.4003	0.4658	0.477	0.4556
NCOA3	0.4704	0.4608	0.3999	0.4565	0.4783	0.463
NEUROD1	0.5599	0.6546	0.6878	0.453	0.1445	0.5221
NEUROD2	0.6667	0.6662	0.4745	0.5037	0.1274	0.6106
NEUROD4	0.1359	0.6357	0.6842	0.536	0.4049	0.6847
NEUROD6	0.6703	0.6875	0.6804	0.484	0.0814	0.5696
NEUROG1	0.0288	0.6891	0.6145	0.6227	0.6663	0.685
NEUROG2	0.4522	0.3785	0.6692	0.4698	0.3828	0.4476
NEUROG3	0.5112	0.4422	0.593	0.3999	0.4234	0.394
NFAT5	0.515	0.4773	0.3332	0.4821	0.4929	0.4527
NFATC1	0.4766	0.4336	0.4092	0.4683	0.4899	0.4519
NFATC2	0.4959	0.416	0.3757	0.4903	0.5033	0.4604
NFATC3	0.4831	0.4582	0.3683	0.4785	0.4868	0.4625
NFATC4	0.382	0.4524	0.6348	0.4269	0.4353	0.4437
NFE2	0.4766	0.5829	0.1653	0.5647	0.5661	0.5714
NFE2L1	0.4504	0.4427	0.4754	0.4511	0.46	0.4449
NFE2L2	0.4788	0.4516	0.4506	0.4505	0.4545	0.4387
NFE2L3	0.4079	0.4412	0.4421	0.4497	0.4906	0.5001
NFE4	0.318	0.5775	0.3671	0.5088	0.4461	0.5925
NFIA	0.4994	0.4742	0.5194	0.4259	0.4135	0.4066
NFIB	0.4636	0.4833	0.6332	0.4172	0.391	0.3913
NFIC	0.5005	0.4498	0.4338	0.455	0.4486	0.4396
NFIL3	0.4736	0.4792	0.4395	0.4536	0.4477	0.4323
NFIX	0.5381	0.4565	0.4541	0.4492	0.4045	0.4345
NFKB1	0.4938	0.446	0.419	0.452	0.4743	0.443
NFKB2	0.4242	0.4425	0.4758	0.447	0.4751	0.4617
NFX1	0.4555	0.4642	0.4194	0.4613	0.4665	0.4587
NFXL1	0.4436	0.4747	0.4178	0.4554	0.462	0.4731
NFYA	0.4676	0.4459	0.4062	0.4604	0.4748	0.4732
NFYB	0.4576	0.4785	0.4417	0.4507	0.4489	0.4472
NFYC	0.4611	0.4475	0.4391	0.4565	0.461	0.4587
NHLH1	0.4282	0.5599	0.3724	0.5355	0.3126	0.6091
NHLH2	0.6387	0.5306	0.6771	0.3821	0.2491	0.4347
NKRF	0.4434	0.4387	0.4333	0.4629	0.4626	0.4851
NKX1-1	0.3571	0.6697	0.4258	0.573	0.2461	0.6763
NKX1-2	0.1706	0.6496	0.6871	0.4399	0.4727	0.5701
NKX2-1	0.6899	0.5565	0.6893	0.3468	0.4548	0.2363
NKX2-2	0.5774	0.4505	0.6922	0.4914	0.1582	0.6296
NKX2-3	0.6655	0.6101	0.1639	0.4869	0.6373	0.4287
NKX2-4	0.5842	0.1408	0.6439	0.4716	0.5009	0.6757
NKX2-5	0.5498	0.3387	0.6595	0.459	0.2703	0.6174
NKX2-6	0.6931	0.0849	0.6235	0.5058	0.6264	0.5975
NKX2-8	0.6502	0.3783	0.6931	0.367	0.4092	0.3819
NKX3-1	0.5648	0.4902	0.5386	0.3798	0.4454	0.354
NKX3-2	0.6199	0.3481	0.5809	0.3988	0.3691	0.4965
NKX6-1	0.4999	0.3801	0.6844	0.3914	0.3765	0.4878
NKX6-2	0.3368	0.6297	0.6106	0.484	0.2607	0.5675
NKX6-3	0.0855	0.6327	0.6389	0.5269	0.6052	0.6141
NME2	0.4504	0.4116	0.5162	0.4473	0.4244	0.4837
NOBOX	0.3101	0.6625	0.6676	0.2255	0.5491	0.5622
NOTO	0.101	0.6476	0.6089	0.5259	0.6152	0.565
NPAS1	0.3649	0.4394	0.5044	0.4806	0.4319	0.5255
NPAS2	0.4849	0.3753	0.637	0.4214	0.4257	0.4359
NPAS3	0.569	0.4571	0.6712	0.463	0.231	0.4885
NPAS4	0.1931	0.658	0.6402	0.5567	0.4052	0.4946
NR0B1	0.3742	0.382	0.6177	0.4703	0.3667	0.6047
NR1D1	0.4518	0.4335	0.5099	0.4385	0.4397	0.4554
NR1D2	0.4501	0.4689	0.4675	0.4542	0.4464	0.4373
NR1H2	0.4521	0.446	0.4553	0.4553	0.4601	0.4549
NR1H3	0.4443	0.4502	0.4661	0.4574	0.4553	0.4505
NR1H4	0.3859	0.6315	0.6902	0.4057	0.5001	0.2821
NR1I2	0.615	0.6059	0.2599	0.4728	0.4767	0.4163
NR1I3	0.4658	0.5273	0.3751	0.5146	0.4489	0.4149
NR2C1	0.4486	0.4782	0.4141	0.4588	0.4599	0.4671
NR2C2	0.4778	0.4636	0.3796	0.4763	0.4627	0.4733
NR2E1	0.6792	0.5153	0.6661	0.4828	0.1125	0.6283
NR2E3	0.5125	0.585	0.3085	0.4674	0.4261	0.4843
NR2F1	0.5004	0.4608	0.661	0.4291	0.3604	0.39
NR2F2	0.4502	0.409	0.6582	0.4208	0.452	0.3969
NR2F6	0.4327	0.4458	0.5291	0.4306	0.4487	0.4457
NR3C1	0.4817	0.4646	0.4099	0.4707	0.4617	0.4395
NR3C2	0.4616	0.5278	0.541	0.4554	0.4552	0.3241
NR4A1	0.4567	0.4378	0.5031	0.4554	0.4741	0.4041
NR4A2	0.5236	0.4437	0.3878	0.4731	0.5004	0.4132
NR4A3	0.5031	0.4154	0.5499	0.4745	0.4656	0.3488
NR5A1	0.2373	0.5779	0.3834	0.5	0.5571	0.617
NR5A2	0.4561	0.4817	0.572	0.4343	0.459	0.3543
NR6A1	0.3022	0.5206	0.3918	0.5156	0.5276	0.5305
NRF1	0.4429	0.46	0.4263	0.4648	0.4586	0.4727
NRL	0.3949	0.4811	0.4827	0.4721	0.4477	0.4524
OLIG1	0.6294	0.4225	0.4028	0.5471	0.2677	0.5843
OLIG2	0.6799	0.4501	0.5394	0.5312	0.1491	0.6637
OLIG3	0.6931	0.6248	0.6931	0.1476	0.4072	0.5045
ONECUT1	0.6168	0.2785	0.6184	0.4376	0.3951	0.5004
ONECUT2	0.4865	0.4826	0.5568	0.3595	0.3795	0.4979
ONECUT3	0.531	0.6326	0.4268	0.309	0.3995	0.5146
OSR1	0.5195	0.5432	0.6871	0.4095	0.3897	0.3043
OSR2	0.5102	0.4821	0.626	0.369	0.4502	0.3543
OTP	0.5231	0.4708	0.6367	0.4733	0.188	0.6343
OTX1	0.6505	0.364	0.6216	0.3515	0.3371	0.5423
OTX2	0.0377	0.66	0.6895	0.5606	0.6543	0.6798
OVOL1	0.4979	0.5743	0.6466	0.3063	0.5341	0.3063
OVOL2	0.4347	0.6171	0.6738	0.3268	0.496	0.3241
OVOL3	0.4249	0.5141	0.4124	0.4236	0.3987	0.5867
PA2G4	0.4546	0.4462	0.4395	0.4555	0.459	0.4695
PATZ1	0.4409	0.4574	0.4423	0.4585	0.4553	0.4699
PAX1	0.6254	0.539	0.688	0.3416	0.3003	0.4059
PAX2	0.2771	0.6511	0.665	0.439	0.5063	0.3578
PAX3	0.6685	0.0451	0.6899	0.5848	0.6145	0.6375
PAX4	0.0704	0.658	0.6703	0.5453	0.6369	0.5775
PAX5	0.3806	0.4859	0.2677	0.5416	0.6124	0.5508
PAX6	0.5902	0.5355	0.4914	0.4315	0.2511	0.5281
PAX7	0.5551	0.5592	0.6849	0.2794	0.2936	0.5431
PAX8	0.4387	0.5147	0.4952	0.4225	0.4732	0.3936
PAX9	0.5458	0.4399	0.6658	0.3092	0.5049	0.3716
PBX1	0.4231	0.5387	0.6117	0.4138	0.3996	0.3917
PBX2	0.4454	0.4523	0.4242	0.4636	0.4707	0.4694
PBX3	0.4418	0.4908	0.4123	0.4641	0.4607	0.4585
PBX4	0.3789	0.4904	0.4632	0.4573	0.4604	0.4845
PCGF2	0.4144	0.404	0.6501	0.4277	0.4367	0.448
PCGF6	0.433	0.4697	0.4448	0.4596	0.4482	0.4697
PDX1	0.6931	0.5841	0.6624	0.2212	0.3703	0.441
PEG3	0.3472	0.5646	0.6383	0.4828	0.3716	0.4092
PGR	0.5858	0.5806	0.6756	0.3718	0.4824	0.2256
PHF1	0.4471	0.4438	0.4645	0.4569	0.455	0.4566
PHF19	0.4599	0.4307	0.4222	0.4661	0.4486	0.5014
PHF20	0.4632	0.4528	0.4203	0.4601	0.4588	0.4705
PHF21A	0.4751	0.4643	0.3881	0.4694	0.4592	0.4751
PHOX2A	0.1242	0.6347	0.6016	0.5372	0.5025	0.6149
PHOX2B	0.0588	0.6364	0.6931	0.5607	0.6532	0.5956
PIN1	0.4411	0.4466	0.4809	0.4552	0.4374	0.4641
PINX1	0.4305	0.4209	0.4735	0.4655	0.4622	0.4746
PITX1	0.4201	0.5791	0.6244	0.3423	0.3959	0.4444
PITX2	0.5034	0.3529	0.6686	0.3761	0.4795	0.4315
PITX3	0.2071	0.5605	0.679	0.4712	0.4725	0.5139
PKNOX1	0.4636	0.4614	0.4091	0.4595	0.4654	0.4679
PKNOX2	0.5866	0.3006	0.6735	0.4946	0.3755	0.4255
PLAG1	0.4044	0.4275	0.4383	0.4722	0.4994	0.4915
PLAGL1	0.5197	0.5261	0.3141	0.4719	0.509	0.429
PLAGL2	0.4752	0.4635	0.3887	0.4592	0.4664	0.4783
PLSCR1	0.4667	0.4494	0.4549	0.4495	0.4543	0.449
POGK	0.4778	0.4387	0.4394	0.4535	0.4479	0.4679
POU1F1	0.5971	0.5321	0.2877	0.4672	0.5043	0.416
POU2AF1	0.4338	0.4302	0.4066	0.4667	0.5622	0.4442
POU2F1	0.4707	0.491	0.3263	0.4816	0.4829	0.5019
POU2F2	0.4603	0.4951	0.2935	0.5096	0.4945	0.523
POU2F3	0.5314	0.5763	0.6186	0.3315	0.4402	0.3317
POU3F1	0.4892	0.2563	0.6558	0.4564	0.4533	0.5343
POU3F2	0.6121	0.3612	0.6686	0.5332	0.1749	0.6705
POU3F3	0.4738	0.4307	0.6749	0.4931	0.2871	0.4731
POU3F4	0.6831	0.6572	0.6931	0.4827	0.1045	0.5068
POU4F1	0.6386	0.413	0.2868	0.5196	0.3656	0.6609
POU4F2	0.2148	0.5261	0.5846	0.5552	0.3813	0.6481
POU4F3	0.5672	0.3988	0.5271	0.4219	0.3627	0.4888
POU5F1	0.1804	0.614	0.5544	0.4789	0.5559	0.5237
POU5F1B	0.3463	0.4778	0.545	0.4063	0.5244	0.4618
POU5F2	0.6258	0.6501	0.0424	0.6267	0.6341	0.6518
POU6F1	0.4093	0.4698	0.4767	0.4778	0.4307	0.4646
POU6F2	0.2839	0.5076	0.6276	0.4073	0.4525	0.5441
PPARA	0.5027	0.4656	0.3847	0.4689	0.4782	0.4351
PPARD	0.4357	0.4341	0.5244	0.4421	0.4429	0.4522
PPARG	0.4121	0.5046	0.5362	0.4351	0.4992	0.3654
PRDM1	0.3982	0.4853	0.4457	0.4499	0.5003	0.4526
PRDM10	0.486	0.4802	0.362	0.468	0.4708	0.4717
PRDM12	0.4997	0.5186	0.4679	0.415	0.3066	0.578
PRDM13	0.3957	0.2006	0.6676	0.5097	0.5099	0.6782
PRDM14	0.0201	0.6883	0.6705	0.6188	0.679	0.6656
PRDM15	0.4451	0.4526	0.3733	0.4772	0.4797	0.5107
PRDM16	0.5475	0.5496	0.3838	0.4896	0.4227	0.373
PRDM2	0.4735	0.4644	0.3975	0.4681	0.4682	0.4574
PRDM4	0.4601	0.4527	0.4312	0.4566	0.4671	0.4568
PRDM5	0.5094	0.449	0.6116	0.4409	0.3854	0.3786
PRDM6	0.4882	0.5454	0.6414	0.3806	0.4589	0.3066
PRDM8	0.4965	0.5533	0.2798	0.521	0.4482	0.4927
PRDM9	0.3564	0.3083	0.6763	0.4416	0.466	0.6217
PREB	0.4395	0.448	0.4708	0.4514	0.4523	0.4623
PRMT3	0.4797	0.4487	0.426	0.4564	0.4363	0.4797
PROP1	0.6931	0.5549	0.1329	0.5419	0.5116	0.5789
PROX1	0.4654	0.494	0.6672	0.4593	0.351	0.3732
PROX2	0.5454	0.6006	0.1384	0.5654	0.5443	0.5723
PRR12	0.4436	0.4414	0.4357	0.4583	0.4679	0.4784
PRRX1	0.5116	0.3936	0.6732	0.4207	0.3737	0.4349
PRRX2	0.4186	0.4248	0.6769	0.3916	0.4454	0.4407
PTF1A	0.3927	0.4893	0.6756	0.4476	0.3134	0.5095
PURA	0.4785	0.4562	0.4414	0.4604	0.4515	0.437
PURB	0.4878	0.4548	0.4307	0.4519	0.4422	0.4586
PURG	0.4846	0.5883	0.5303	0.4866	0.2253	0.5289
RAG1	0.4709	0.4558	0.453	0.4416	0.4925	0.4144
RARA	0.4655	0.439	0.4478	0.4562	0.458	0.4577
RARB	0.4137	0.438	0.5793	0.4549	0.4606	0.4037
RARG	0.4803	0.407	0.5045	0.4288	0.467	0.4445
RAX	0.3551	0.5259	0.6401	0.3577	0.3544	0.6195
RAX2	0.6416	0.6808	0.313	0.5058	0.2828	0.4911
RBAK	0.4699	0.4505	0.4141	0.4592	0.4582	0.4748
RBCK1	0.4638	0.4461	0.4557	0.4472	0.4468	0.4644
RBPJ	0.4447	0.4648	0.4184	0.4678	0.4582	0.4722
RBPJL	0.3367	0.5897	0.4438	0.4902	0.3662	0.5715
RBSN	0.4669	0.4584	0.4469	0.4666	0.4286	0.4575
RCOR1	0.459	0.4701	0.3957	0.4619	0.4783	0.4645
RCOR2	0.3965	0.4881	0.5441	0.4538	0.327	0.5724
RCOR3	0.457	0.4661	0.4075	0.464	0.4646	0.4681
REL	0.5138	0.5124	0.2798	0.482	0.5356	0.4638
RELA	0.4744	0.4485	0.4459	0.452	0.4467	0.4567
RELB	0.4503	0.4384	0.4791	0.4395	0.456	0.4618
REPIN1	0.467	0.4485	0.4431	0.4548	0.4461	0.4646
RERE	0.4574	0.4556	0.4367	0.4609	0.4615	0.4519
REST	0.4386	0.4808	0.388	0.4704	0.4876	0.4676
REXO4	0.4375	0.4423	0.4638	0.4534	0.454	0.4736
RFX1	0.4409	0.4515	0.4322	0.4614	0.4691	0.47
RFX2	0.4684	0.5031	0.3939	0.4681	0.443	0.456
RFX3	0.4727	0.4966	0.3697	0.476	0.4413	0.4819
RFX4	0.6572	0.6223	0.6435	0.505	0.0777	0.6368
RFX5	0.4722	0.4443	0.4221	0.4597	0.4556	0.472
RFX6	0.2271	0.5951	0.687	0.4136	0.6292	0.3951
RFX7	0.4794	0.4691	0.3447	0.485	0.4766	0.4905
RFX8	0.5586	0.5534	0.1424	0.5598	0.5427	0.6014
RHOXF1	0.3897	0.571	0.4069	0.4734	0.4519	0.4578
RHOXF2	0.2725	0.5172	0.2843	0.5724	0.6277	0.6581
RHOXF2B	0.3941	0.4893	0.2646	0.5071	0.5634	0.6205
RLF	0.4628	0.4631	0.3987	0.4666	0.4696	0.4679
RORA	0.4299	0.5258	0.4504	0.4571	0.45	0.4197
RORB	0.4658	0.5703	0.5571	0.4835	0.2834	0.4396
RORC	0.3949	0.5501	0.6247	0.3969	0.5205	0.3256
RREB1	0.4861	0.465	0.3623	0.462	0.5158	0.4509
RUNX1	0.5102	0.4782	0.3244	0.4598	0.4955	0.4883
RUNX2	0.5702	0.4626	0.2757	0.4691	0.5023	0.517
RUNX3	0.4811	0.382	0.3672	0.4865	0.5343	0.5045
RXRA	0.4781	0.4576	0.4575	0.4466	0.4543	0.4311
RXRB	0.4655	0.4498	0.4345	0.4608	0.4503	0.4635
RXRG	0.476	0.2403	0.6861	0.5136	0.4716	0.4832
SAFB	0.4448	0.4464	0.4409	0.46	0.4616	0.4707
SAFB2	0.4423	0.4628	0.4307	0.4606	0.4585	0.47
SALL1	0.4467	0.5214	0.6925	0.4538	0.3105	0.4133
SALL2	0.3888	0.4833	0.6067	0.4573	0.3804	0.4522
SALL3	0.4224	0.62	0.6856	0.4998	0.1875	0.5393
SALL4	0.2581	0.4743	0.4931	0.4796	0.5173	0.5919
SATB1	0.5113	0.4868	0.3368	0.4873	0.4711	0.4576
SATB2	0.573	0.4008	0.534	0.4439	0.359	0.4567
SCMH1	0.4707	0.4521	0.4209	0.4572	0.4701	0.4546
SCML4	0.4083	0.3722	0.3696	0.527	0.5946	0.5113
SCRT1	0.2848	0.6449	0.6504	0.5176	0.2398	0.652
SCRT2	0.3389	0.6428	0.6041	0.515	0.2061	0.6757
SCX	0.3974	0.5256	0.4774	0.4213	0.4165	0.504
SEBOX	0.6164	0.6627	0.0491	0.635	0.6082	0.6367
SETBP1	0.4902	0.4764	0.4789	0.4552	0.4376	0.3939
SETDB1	0.4525	0.4558	0.4113	0.4632	0.4611	0.4833
SETDB2	0.4834	0.4359	0.363	0.4888	0.507	0.4641
SGSM2	0.4521	0.4476	0.4348	0.4641	0.454	0.4721
SHOX	0.3378	0.5237	0.617	0.4321	0.5468	0.3531
SHOX2	0.5045	0.3144	0.6109	0.4479	0.3867	0.5387
SIM1	0.3781	0.6325	0.6623	0.4799	0.5975	0.2037
SIM2	0.5878	0.4607	0.5797	0.3714	0.3892	0.3987
SIX1	0.558	0.4184	0.6682	0.3579	0.3649	0.4568
SIX2	0.3147	0.5401	0.6385	0.3912	0.4516	0.4759
SIX3	0.3192	0.5624	0.3929	0.4592	0.4655	0.5989
SIX4	0.4004	0.4971	0.6663	0.3746	0.4116	0.4507
SIX5	0.4548	0.4139	0.569	0.4275	0.4468	0.4328
SIX6	0.6236	0.4161	0.6715	0.4918	0.1699	0.6141
SKI	0.4767	0.4381	0.456	0.4564	0.4476	0.4498
SKIL	0.4485	0.4795	0.4804	0.4321	0.4444	0.4414
SKOR1	0.3046	0.5472	0.4466	0.5118	0.4219	0.5546
SKOR2	0.606	0.6225	0.6931	0.4327	0.1015	0.6869
SLC2A4RG	0.4606	0.4601	0.4553	0.442	0.4554	0.4503
SMAD1	0.5203	0.4929	0.4297	0.4421	0.4163	0.4336
SMAD2	0.4707	0.4447	0.4426	0.4562	0.4579	0.4521
SMAD3	0.4705	0.4728	0.4245	0.451	0.4611	0.4457
SMAD4	0.4871	0.4592	0.4155	0.4643	0.4551	0.4461
SMAD5	0.4668	0.4571	0.436	0.4558	0.4568	0.4517
SMAD9	0.4204	0.5415	0.5731	0.4491	0.3975	0.3836
SMYD3	0.4504	0.45	0.4335	0.4561	0.4525	0.4827
SNAI1	0.3903	0.4519	0.4869	0.4633	0.4942	0.4463
SNAI2	0.5101	0.3515	0.6388	0.4247	0.4446	0.4205
SNAI3	0.4475	0.5045	0.3134	0.5015	0.501	0.4959
SNAPC2	0.4377	0.4288	0.4975	0.4541	0.4403	0.4694
SNAPC4	0.4285	0.4601	0.4265	0.4652	0.4549	0.4925
SNAPC5	0.4434	0.4442	0.4739	0.4562	0.4492	0.4575
SOHLH1	0.4655	0.4672	0.6922	0.3664	0.2758	0.632
SOHLH2	0.3847	0.5486	0.3928	0.4828	0.436	0.5078
SON	0.449	0.4626	0.4252	0.4619	0.4616	0.4648
SOX1	0.6417	0.4018	0.6685	0.4715	0.1721	0.6567
SOX10	0.5925	0.176	0.6873	0.5678	0.4235	0.5182
SOX11	0.558	0.509	0.6812	0.4415	0.1642	0.6275
SOX12	0.4655	0.4299	0.4337	0.4574	0.4329	0.5105
SOX13	0.4223	0.4026	0.5882	0.4485	0.4454	0.4453
SOX14	0.6496	0.604	0.6908	0.1304	0.6287	0.3879
SOX15	0.331	0.5672	0.5027	0.4589	0.4264	0.4811
SOX17	0.2899	0.551	0.686	0.4659	0.4407	0.416
SOX18	0.4153	0.4553	0.5884	0.4359	0.4399	0.417
SOX2	0.6159	0.4542	0.6887	0.4232	0.2157	0.5288
SOX21	0.6819	0.6304	0.6688	0.3902	0.1641	0.4985
SOX3	0.672	0.6714	0.6912	0.4718	0.0803	0.593
SOX30	0.3872	0.4814	0.5421	0.4052	0.479	0.4503
SOX4	0.4413	0.4647	0.43	0.4509	0.4517	0.4876
SOX5	0.5596	0.2938	0.6215	0.5026	0.3928	0.4504
SOX6	0.5285	0.3989	0.5298	0.4796	0.3634	0.4549
SOX7	0.4329	0.4752	0.616	0.4145	0.5104	0.3363
SOX8	0.4793	0.3669	0.6484	0.5052	0.281	0.5684
SOX9	0.5057	0.4777	0.6825	0.3841	0.3596	0.4098
SP1	0.467	0.456	0.41	0.4584	0.4789	0.4569
SP100	0.4764	0.452	0.4108	0.4571	0.4777	0.4534
SP110	0.4795	0.4494	0.396	0.4628	0.4724	0.4698
SP140	0.4369	0.4517	0.3595	0.4837	0.5134	0.4999
SP140L	0.4828	0.4602	0.3738	0.4618	0.4891	0.468
SP2	0.4706	0.4472	0.4321	0.4614	0.459	0.4544
SP3	0.4588	0.4611	0.4307	0.4562	0.4592	0.4584
SP4	0.4396	0.4854	0.4015	0.4801	0.4513	0.4724
SP5	0.3993	0.5106	0.6862	0.3787	0.3994	0.4418
SP6	0.3776	0.5319	0.6503	0.3624	0.4859	0.3996
SP7	0.224	0.6064	0.4226	0.5508	0.465	0.6115
SP8	0.6016	0.5241	0.6847	0.3646	0.2511	0.4766
SP9	0.6525	0.5892	0.6337	0.4028	0.1494	0.5872
SPDEF	0.6316	0.5939	0.6686	0.2759	0.4973	0.2784
SPEN	0.4563	0.4618	0.4149	0.4633	0.4615	0.4683
SPI1	0.4616	0.4613	0.3825	0.4765	0.4643	0.4868
SPIB	0.4023	0.4353	0.3907	0.4934	0.558	0.4701
SPIC	0.1951	0.4999	0.4435	0.5535	0.6322	0.5813
SPZ1	0.0415	0.6596	0.6083	0.5994	0.6592	0.6803
SRCAP	0.4926	0.4484	0.3812	0.4705	0.4783	0.4633
SREBF1	0.4642	0.4451	0.4574	0.4433	0.455	0.459
SREBF2	0.4735	0.4457	0.4364	0.4581	0.4579	0.453
SRF	0.4578	0.4466	0.4537	0.4577	0.4633	0.4446
SRY	0.4404	0.5771	0.3326	0.431	0.5336	0.459
ST18	0.433	0.6352	0.3097	0.5286	0.3436	0.5996
STAT1	0.4494	0.4325	0.4684	0.4497	0.4607	0.4639
STAT2	0.4593	0.4389	0.4287	0.461	0.4633	0.4742
STAT3	0.4758	0.4557	0.4385	0.4534	0.4554	0.4458
STAT4	0.4255	0.4924	0.3516	0.4824	0.5133	0.4832
STAT5A	0.4744	0.4319	0.3856	0.4803	0.496	0.4665
STAT5B	0.4694	0.4632	0.4024	0.4727	0.4639	0.4566
STAT6	0.4833	0.4448	0.4056	0.4535	0.4961	0.4471
T	0.0601	0.6755	0.6517	0.5824	0.5629	0.6571
TAL1	0.5028	0.5832	0.2993	0.5105	0.4684	0.4248
TAL2	0.4284	0.5493	0.4501	0.4337	0.4789	0.4012
TBP	0.4394	0.4666	0.4332	0.4599	0.4567	0.4692
TBPL1	0.4379	0.4713	0.4493	0.454	0.4483	0.4637
TBPL2	0.0291	0.6721	0.6295	0.6257	0.6725	0.6649
TBR1	0.6063	0.6424	0.5456	0.481	0.1304	0.6031
TBX1	0.3082	0.5601	0.4982	0.4316	0.522	0.4584
TBX10	0.5738	0.6446	0.4618	0.3832	0.466	0.3015
TBX15	0.5713	0.4252	0.6528	0.416	0.3391	0.4133
TBX18	0.5661	0.3235	0.6055	0.4198	0.4306	0.4515
TBX19	0.5032	0.4542	0.3612	0.468	0.4627	0.4917
TBX2	0.4504	0.3598	0.6797	0.4506	0.434	0.4305
TBX20	0.2004	0.4919	0.5756	0.4707	0.5742	0.5666
TBX21	0.3702	0.4514	0.3821	0.5195	0.5301	0.5041
TBX22	0.483	0.3374	0.6836	0.5134	0.585	0.2822
TBX3	0.4799	0.407	0.6738	0.3977	0.5093	0.348
TBX4	0.5576	0.5402	0.5893	0.4154	0.4538	0.2682
TBX5	0.5549	0.4869	0.6866	0.4098	0.4137	0.2987
TBX6	0.4871	0.4594	0.4464	0.4316	0.4406	0.4609
TCF12	0.4873	0.4545	0.4197	0.4661	0.432	0.4681
TCF15	0.2827	0.4742	0.5707	0.4648	0.5131	0.4856
TCF20	0.449	0.4457	0.4356	0.4541	0.4731	0.4673
TCF21	0.4424	0.621	0.6919	0.436	0.6098	0.1819
TCF23	0.365	0.6056	0.5892	0.5303	0.2844	0.4641
TCF24	0.2898	0.5462	0.5816	0.4412	0.4297	0.5126
TCF3	0.4437	0.4514	0.4425	0.453	0.4505	0.4841
TCF4	0.4697	0.5038	0.4143	0.4639	0.4285	0.4501
TCF7	0.4487	0.4408	0.4163	0.4672	0.4799	0.4746
TCF7L1	0.4832	0.4319	0.5896	0.4353	0.4102	0.4055
TCF7L2	0.5118	0.4607	0.4333	0.4482	0.4463	0.4293
TCFL5	0.4672	0.4341	0.4615	0.4547	0.4382	0.4692
TEAD1	0.4639	0.3995	0.6604	0.4344	0.4195	0.4108
TEAD2	0.4095	0.4083	0.6335	0.4334	0.4466	0.4409
TEAD3	0.4845	0.4391	0.6251	0.3933	0.4412	0.3911
TEAD4	0.3722	0.4169	0.6015	0.4392	0.4667	0.4676
TEF	0.421	0.4594	0.558	0.4487	0.4417	0.4129
TERF1	0.4526	0.4585	0.4434	0.4562	0.4515	0.4616
TERF2	0.4609	0.4578	0.4281	0.4616	0.4508	0.4656
TET1	0.2974	0.5189	0.3821	0.5305	0.5041	0.567
TET2	0.4858	0.512	0.3218	0.4796	0.485	0.4729
TET3	0.4954	0.4826	0.3296	0.467	0.4724	0.5062
TFAM	0.4588	0.4593	0.4352	0.4558	0.461	0.4541
TFAP2A	0.5283	0.271	0.6657	0.4156	0.4979	0.4656
TFAP2B	0.2971	0.4778	0.6924	0.4888	0.5928	0.3348
TFAP2C	0.328	0.4149	0.6906	0.4304	0.5209	0.4454
TFAP2D	0.6931	0.6274	0.6584	0.1913	0.2963	0.5979
TFAP2E	0.5374	0.4243	0.3289	0.4947	0.4335	0.5532
TFAP4	0.461	0.4315	0.4235	0.4527	0.4646	0.4946
TFCP2	0.4576	0.4613	0.4274	0.457	0.4562	0.4653
TFCP2L1	0.3099	0.5839	0.6223	0.4486	0.5342	0.3406
TFDP1	0.473	0.4522	0.4345	0.4514	0.4494	0.4642
TFDP2	0.4541	0.478	0.4029	0.462	0.4631	0.4682
TFDP3	0.1188	0.5076	0.692	0.5079	0.6707	0.5707
TFE3	0.4788	0.4519	0.4479	0.4515	0.4423	0.4522
TFEB	0.4329	0.4689	0.4711	0.457	0.4437	0.4514
TFEC	0.4593	0.5116	0.2769	0.5118	0.5169	0.5116
TGIF1	0.4717	0.438	0.471	0.4387	0.4605	0.4452
TGIF2	0.4437	0.4443	0.4189	0.4626	0.4784	0.4792
TGIF2LX	0.1487	0.4327	0.6776	0.57	0.5192	0.681
TGIF2LY	0.0987	0.5351	0.6681	0.6213	0.4991	0.6893
THAP1	0.4519	0.4675	0.4343	0.4585	0.4554	0.4568
THAP10	0.4685	0.455	0.5722	0.4376	0.3714	0.4475
THAP11	0.4468	0.4511	0.4574	0.4575	0.4491	0.4619
THAP2	0.4751	0.4722	0.4329	0.4446	0.4396	0.4613
THAP3	0.4375	0.4426	0.4849	0.4522	0.4439	0.4646
THAP4	0.4395	0.4503	0.4871	0.4466	0.4568	0.4453
THAP5	0.4548	0.4581	0.4623	0.459	0.4385	0.4513
THAP6	0.4671	0.465	0.411	0.4616	0.4609	0.4609
THAP7	0.4358	0.4408	0.4896	0.452	0.4456	0.4624
THAP8	0.4147	0.4432	0.4927	0.4612	0.4332	0.4847
THAP9	0.4319	0.4906	0.4162	0.4678	0.4585	0.4632
THRA	0.4667	0.4611	0.4646	0.4618	0.4209	0.4502
THRB	0.5519	0.5394	0.5964	0.4094	0.3899	0.3197
THYN1	0.4581	0.4646	0.4584	0.4514	0.439	0.4524
TIGD1	0.4799	0.4782	0.3839	0.4608	0.4277	0.5062
TIGD2	0.4788	0.4577	0.4267	0.4435	0.4723	0.4469
TIGD3	0.4306	0.5234	0.4517	0.4535	0.3505	0.5478
TIGD4	0.4247	0.4198	0.5502	0.4695	0.4021	0.4769
TIGD5	0.465	0.4303	0.4633	0.4432	0.4359	0.4892
TIGD6	0.4751	0.4326	0.4851	0.4427	0.4412	0.4497
TIGD7	0.4231	0.4809	0.4531	0.4662	0.431	0.4729
TLX1	0.5576	0.4785	0.649	0.3691	0.253	0.5687
TLX2	0.1983	0.4912	0.5924	0.4886	0.5031	0.6165
TLX3	0.2021	0.447	0.6875	0.4413	0.5112	0.6715
TMF1	0.4804	0.4571	0.4026	0.4623	0.4781	0.4485
TOPORS	0.4625	0.4734	0.4115	0.4633	0.465	0.4511
TOX2	0.374	0.4597	0.5997	0.4493	0.4285	0.45
TOX3	0.4377	0.5956	0.6909	0.3857	0.3705	0.3711
TP53	0.465	0.4511	0.4299	0.4575	0.4511	0.4702
TP63	0.583	0.5317	0.5266	0.3167	0.5515	0.3174
TP73	0.4945	0.489	0.4442	0.4	0.4259	0.4799
TPRX1	0.1943	0.5931	0.5071	0.4158	0.5957	0.6107
TRAFD1	0.4545	0.451	0.4523	0.4519	0.4528	0.461
TRERF1	0.5002	0.5022	0.3166	0.4689	0.4909	0.4809
TRPS1	0.5261	0.4903	0.4072	0.4373	0.4417	0.4338
TSC22D1	0.4683	0.4568	0.4841	0.4474	0.4347	0.4347
TSC22D2	0.4777	0.4571	0.429	0.455	0.4643	0.4424
TSC22D3	0.4745	0.4738	0.4177	0.46	0.4603	0.4405
TSC22D4	0.4688	0.4448	0.4549	0.4624	0.4162	0.4796
TSHZ1	0.4925	0.4399	0.4341	0.463	0.4524	0.4447
TSHZ2	0.4301	0.4927	0.5852	0.4171	0.4519	0.3812
TSHZ3	0.4427	0.4764	0.4989	0.4576	0.4224	0.4311
TTF1	0.4342	0.4602	0.4506	0.4551	0.4547	0.4697
TUB	0.3964	0.4788	0.6287	0.4651	0.3761	0.433
TWIST1	0.4592	0.345	0.625	0.4409	0.4265	0.4846
TWIST2	0.5251	0.4537	0.6418	0.4088	0.425	0.3434
UBP1	0.4662	0.4543	0.4243	0.4616	0.4603	0.4582
UBTF	0.4528	0.448	0.4448	0.4564	0.459	0.4627
UNCX	0.6418	0.6793	0.1552	0.6395	0.5473	0.3789
USF1	0.4546	0.4556	0.4353	0.4575	0.4472	0.4744
USF2	0.4496	0.4406	0.4616	0.4566	0.4516	0.4639
VAX1	0.4543	0.2989	0.6897	0.5078	0.3116	0.6591
VAX2	0.4647	0.37	0.6857	0.45	0.3086	0.5765
VDR	0.5162	0.4405	0.4438	0.4198	0.5134	0.4049
VENTX	0.2247	0.5818	0.416	0.5516	0.517	0.5712
VEZF1	0.4827	0.458	0.4288	0.4596	0.446	0.4505
VSX1	0.4194	0.4951	0.5968	0.4369	0.3229	0.5126
VSX2	0.0344	0.6604	0.66	0.6317	0.6203	0.6605
WHSC1	0.4665	0.4572	0.3972	0.4629	0.4556	0.4907
WIZ	0.4595	0.4446	0.4533	0.4535	0.4446	0.4685
WT1	0.5478	0.5742	0.2788	0.4908	0.4259	0.4859
XBP1	0.4682	0.4625	0.4305	0.449	0.4739	0.4414
XPA	0.4558	0.4765	0.451	0.4545	0.4472	0.4394
YBX1	0.4658	0.4437	0.4485	0.4557	0.4507	0.4595
YBX2	0.4196	0.4972	0.611	0.3891	0.4254	0.4256
YBX3	0.4554	0.4527	0.4475	0.4493	0.4666	0.4524
YY1	0.4511	0.4623	0.4344	0.4534	0.4623	0.4608
YY2	0.4896	0.4332	0.3801	0.4724	0.4512	0.5118
ZBED1	0.4652	0.4524	0.4543	0.4513	0.4468	0.4537
ZBED2	0.5419	0.4746	0.379	0.4259	0.5255	0.4063
ZBED3	0.5146	0.47	0.4021	0.4653	0.4386	0.4425
ZBED4	0.5055	0.4357	0.3637	0.4681	0.4789	0.4899
ZBED5	0.4581	0.471	0.4184	0.4608	0.4525	0.465
ZBED6	0.5256	0.4611	0.3081	0.4904	0.516	0.467
ZBED9	0.3615	0.5884	0.6291	0.4078	0.446	0.3778
ZBTB1	0.4718	0.465	0.4053	0.4613	0.4687	0.4556
ZBTB10	0.4484	0.4514	0.4353	0.4716	0.4603	0.4576
ZBTB11	0.4741	0.4722	0.3807	0.4662	0.4681	0.4716
ZBTB12	0.5461	0.4166	0.4346	0.4396	0.4123	0.4926
ZBTB14	0.4606	0.4615	0.4203	0.4638	0.4587	0.4606
ZBTB16	0.5208	0.6162	0.3229	0.4995	0.4462	0.3912
ZBTB17	0.4458	0.4538	0.4338	0.4599	0.4539	0.4778
ZBTB18	0.4372	0.4935	0.4401	0.4607	0.4365	0.4587
ZBTB2	0.4384	0.4569	0.4474	0.4537	0.4735	0.4544
ZBTB20	0.5877	0.5424	0.2364	0.5096	0.4824	0.4756
ZBTB21	0.4444	0.476	0.4231	0.4724	0.469	0.4417
ZBTB22	0.4638	0.4468	0.469	0.452	0.4447	0.4479
ZBTB24	0.437	0.4518	0.4138	0.4702	0.48	0.4752
ZBTB25	0.4638	0.4739	0.3877	0.4684	0.4565	0.4813
ZBTB26	0.4739	0.4896	0.3803	0.4678	0.4491	0.4734
ZBTB3	0.4345	0.4801	0.4074	0.4688	0.4561	0.4824
ZBTB32	0.4109	0.4679	0.3137	0.5014	0.5367	0.5476
ZBTB33	0.5009	0.4443	0.4149	0.4535	0.4481	0.4672
ZBTB34	0.4687	0.466	0.3525	0.4839	0.4862	0.4851
ZBTB37	0.4586	0.4738	0.3225	0.5012	0.4995	0.5021
ZBTB38	0.4813	0.4339	0.4806	0.4506	0.4515	0.4289
ZBTB39	0.4118	0.4694	0.4002	0.4795	0.4758	0.4975
ZBTB4	0.4688	0.4587	0.4601	0.4526	0.453	0.4314
ZBTB40	0.4669	0.451	0.3885	0.4743	0.4794	0.4715
ZBTB41	0.4812	0.4485	0.4417	0.4441	0.4489	0.4605
ZBTB42	0.4418	0.4524	0.4958	0.4316	0.4735	0.4329
ZBTB43	0.4489	0.4725	0.3961	0.4708	0.4736	0.4679
ZBTB44	0.4632	0.4893	0.3847	0.4645	0.4784	0.4529
ZBTB45	0.4442	0.4462	0.4568	0.4526	0.4529	0.4715
ZBTB46	0.4181	0.4909	0.4269	0.4734	0.4495	0.4701
ZBTB47	0.5091	0.4237	0.5047	0.4561	0.4035	0.439
ZBTB48	0.435	0.4622	0.4326	0.4606	0.462	0.4729
ZBTB49	0.4407	0.4518	0.4197	0.4734	0.4702	0.4707
ZBTB5	0.4571	0.4871	0.4142	0.4577	0.4503	0.4609
ZBTB6	0.4585	0.4676	0.4482	0.4531	0.4361	0.4608
ZBTB7A	0.4786	0.4669	0.4059	0.4554	0.4697	0.4516
ZBTB7B	0.4733	0.4571	0.4396	0.4416	0.4739	0.4398
ZBTB7C	0.5412	0.5662	0.6407	0.3784	0.3697	0.337
ZBTB8A	0.463	0.502	0.3895	0.4584	0.4665	0.4532
ZBTB8B	0.227	0.5389	0.6788	0.5173	0.3519	0.62
ZBTB9	0.432	0.4248	0.4725	0.457	0.4592	0.4813
ZC3H8	0.45	0.4632	0.4069	0.4587	0.4624	0.4871
ZEB1	0.4745	0.4941	0.4376	0.4714	0.4109	0.4412
ZEB2	0.497	0.4337	0.3661	0.5052	0.459	0.481
ZFAT	0.4582	0.4398	0.4342	0.4558	0.4695	0.4673
ZFHX2	0.3589	0.528	0.4485	0.4702	0.4492	0.4912
ZFHX3	0.5057	0.4705	0.4161	0.4433	0.463	0.4317
ZFHX4	0.4737	0.4448	0.6381	0.4426	0.3311	0.4602
ZFP1	0.4639	0.4621	0.4514	0.4599	0.4327	0.4543
ZFP14	0.4505	0.4917	0.3653	0.4816	0.4687	0.481
ZFP2	0.4298	0.5657	0.4463	0.4661	0.4183	0.4183
ZFP28	0.409	0.4817	0.4372	0.4915	0.4452	0.4653
ZFP3	0.456	0.4994	0.4227	0.4728	0.4272	0.4509
ZFP30	0.4145	0.4932	0.4324	0.4719	0.438	0.48
ZFP37	0.3928	0.4853	0.6138	0.4557	0.3803	0.4433
ZFP41	0.457	0.4357	0.4334	0.46	0.4503	0.49
ZFP42	0.0701	0.6057	0.6919	0.5521	0.604	0.6351
ZFP57	0.4244	0.4564	0.4347	0.4762	0.4293	0.51
ZFP62	0.4457	0.4723	0.432	0.4507	0.4566	0.4677
ZFP64	0.4609	0.4392	0.4469	0.447	0.455	0.4756
ZFP69	0.4574	0.4625	0.3855	0.4697	0.4616	0.4964
ZFP69B	0.4051	0.4472	0.4056	0.4715	0.47	0.5415
ZFP82	0.4143	0.4688	0.4349	0.4835	0.4389	0.4893
ZFP90	0.4505	0.4697	0.4282	0.463	0.4483	0.4654
ZFP91	0.48	0.4497	0.4307	0.4574	0.4526	0.4548
ZFP92	0.5079	0.4739	0.4098	0.4673	0.4079	0.4672
ZFPM1	0.4552	0.4558	0.4058	0.4594	0.4677	0.4842
ZFPM2	0.4731	0.4897	0.5923	0.4368	0.3987	0.3739
ZFX	0.4921	0.4677	0.3864	0.4641	0.4661	0.456
ZFY	0.4269	0.4713	0.372	0.5023	0.4972	0.4707
ZGLP1	0.4003	0.4927	0.4427	0.4662	0.423	0.5105
ZGPAT	0.441	0.4431	0.4703	0.4543	0.4555	0.46
ZHX1	0.4785	0.4676	0.4314	0.4564	0.4453	0.4463
ZHX2	0.4629	0.4799	0.4697	0.4399	0.4322	0.4413
ZHX3	0.4659	0.4597	0.4567	0.4636	0.436	0.4425
ZIC1	0.5943	0.3582	0.6819	0.4771	0.2289	0.5934
ZIC2	0.6564	0.4753	0.6828	0.3429	0.2169	0.6068
ZIC3	0.5759	0.5585	0.6894	0.41	0.1516	0.6367
ZIC4	0.5907	0.3603	0.6819	0.4698	0.218	0.638
ZIC5	0.6511	0.549	0.691	0.303	0.2037	0.6367
ZIK1	0.4033	0.4717	0.4301	0.5005	0.4403	0.487
ZIM2	0.2944	0.5842	0.5932	0.5077	0.368	0.4756
ZIM3	0.6931	0.502	0.5767	0.1981	0.6931	0.3524
ZKSCAN1	0.4779	0.4372	0.4241	0.4609	0.4573	0.4689
ZKSCAN2	0.4346	0.4468	0.4299	0.4769	0.4516	0.4872
ZKSCAN3	0.4625	0.4601	0.3726	0.4803	0.4804	0.4798
ZKSCAN4	0.461	0.4337	0.414	0.4696	0.4603	0.4899
ZKSCAN5	0.4491	0.4405	0.4431	0.467	0.4445	0.4811
ZKSCAN7	0.5054	0.4646	0.3824	0.4886	0.4281	0.468
ZKSCAN8	0.4569	0.4534	0.3967	0.4784	0.4648	0.4797
ZMAT1	0.4444	0.5334	0.3598	0.4864	0.4529	0.4693
ZMAT4	0.459	0.5854	0.6512	0.4255	0.3131	0.3973
ZNF10	0.4184	0.4949	0.4288	0.4679	0.4643	0.4545
ZNF100	0.4322	0.5246	0.3445	0.4913	0.4609	0.4989
ZNF101	0.4311	0.4692	0.3991	0.4704	0.4794	0.4818
ZNF107	0.4486	0.5054	0.3487	0.4746	0.4639	0.506
ZNF112	0.4312	0.4588	0.5079	0.4545	0.4254	0.4513
ZNF114	0.3885	0.4931	0.4102	0.4791	0.4378	0.5355
ZNF117	0.4795	0.5442	0.3389	0.4646	0.442	0.4865
ZNF12	0.4543	0.446	0.4461	0.4553	0.4568	0.4654
ZNF121	0.4462	0.4808	0.3626	0.4731	0.473	0.5052
ZNF124	0.4569	0.484	0.3455	0.4825	0.4799	0.4971
ZNF131	0.4509	0.4647	0.4151	0.4614	0.4577	0.4768
ZNF132	0.4477	0.4898	0.3998	0.486	0.4563	0.4511
ZNF133	0.4546	0.4477	0.4689	0.4481	0.4398	0.4653
ZNF134	0.417	0.4639	0.4342	0.4766	0.4693	0.4663
ZNF135	0.3938	0.5244	0.4423	0.4769	0.4446	0.4542
ZNF136	0.4574	0.4781	0.3982	0.4732	0.4609	0.4614
ZNF138	0.4341	0.489	0.4129	0.4623	0.4466	0.4845
ZNF14	0.4143	0.4877	0.4382	0.4689	0.4576	0.4612
ZNF140	0.4386	0.4758	0.4452	0.4545	0.4555	0.455
ZNF141	0.461	0.4943	0.3539	0.4763	0.4736	0.4832
ZNF142	0.4528	0.4586	0.3965	0.4708	0.4693	0.4819
ZNF143	0.4625	0.4593	0.4322	0.4559	0.4541	0.4605
ZNF146	0.4597	0.4531	0.4349	0.4529	0.4586	0.4651
ZNF148	0.4859	0.4699	0.4041	0.4568	0.4619	0.4502
ZNF154	0.4219	0.5709	0.3293	0.5119	0.4571	0.4794
ZNF155	0.4515	0.4714	0.4188	0.4634	0.4595	0.4611
ZNF157	0.3657	0.5264	0.4373	0.5227	0.3969	0.5074
ZNF16	0.4421	0.4544	0.4527	0.4512	0.4593	0.4641
ZNF160	0.443	0.4746	0.4073	0.4683	0.4702	0.4646
ZNF165	0.433	0.5319	0.4821	0.3983	0.4933	0.4044
ZNF169	0.4975	0.5132	0.2945	0.4929	0.468	0.5079
ZNF17	0.4449	0.4729	0.4038	0.4721	0.4696	0.4652
ZNF174	0.4537	0.4461	0.452	0.4546	0.4465	0.4711
ZNF175	0.4475	0.4802	0.3756	0.487	0.4776	0.4677
ZNF177	0.4228	0.5173	0.424	0.4815	0.4031	0.489
ZNF18	0.4615	0.4526	0.4304	0.4574	0.4529	0.4699
ZNF180	0.4498	0.4796	0.4247	0.456	0.4663	0.4494
ZNF181	0.4554	0.4693	0.4553	0.463	0.4329	0.4486
ZNF182	0.4552	0.4706	0.3916	0.4659	0.4657	0.4818
ZNF184	0.4451	0.4581	0.4208	0.4647	0.4597	0.4777
ZNF189	0.4666	0.4696	0.4375	0.4546	0.4456	0.4506
ZNF19	0.4703	0.4877	0.4696	0.4399	0.4369	0.4232
ZNF195	0.4699	0.4762	0.3969	0.4594	0.4515	0.4757
ZNF197	0.4565	0.4468	0.4392	0.4675	0.4475	0.4669
ZNF2	0.4341	0.4358	0.4594	0.4658	0.4542	0.4762
ZNF20	0.4508	0.4941	0.3818	0.4697	0.4804	0.4575
ZNF200	0.4251	0.4547	0.4422	0.4601	0.4622	0.4817
ZNF202	0.464	0.4683	0.3979	0.4639	0.458	0.4769
ZNF205	0.4155	0.4241	0.6023	0.4288	0.4263	0.4606
ZNF207	0.4663	0.4557	0.4156	0.4587	0.4616	0.4682
ZNF208	0.2836	0.5412	0.5884	0.4828	0.4751	0.4311
ZNF211	0.4358	0.4734	0.4199	0.4686	0.462	0.4669
ZNF212	0.4255	0.4483	0.4598	0.4611	0.4524	0.4784
ZNF213	0.4743	0.4374	0.4523	0.4482	0.443	0.4698
ZNF214	0.379	0.4978	0.6217	0.4362	0.4512	0.3908
ZNF215	0.3537	0.4437	0.4779	0.4652	0.5448	0.4646
ZNF217	0.4454	0.4578	0.4296	0.4495	0.4814	0.4618
ZNF219	0.4683	0.4552	0.4537	0.4534	0.442	0.4514
ZNF22	0.4721	0.4761	0.4199	0.4595	0.4433	0.4555
ZNF221	0.5087	0.4859	0.2883	0.5094	0.482	0.5032
ZNF222	0.4255	0.4624	0.461	0.467	0.4418	0.4677
ZNF223	0.4456	0.4721	0.4213	0.4654	0.4582	0.4633
ZNF224	0.4578	0.4738	0.385	0.4693	0.4711	0.4749
ZNF225	0.4393	0.4707	0.3937	0.4817	0.466	0.4798
ZNF226	0.4532	0.457	0.4555	0.4562	0.4455	0.4562
ZNF227	0.4417	0.4629	0.4241	0.4664	0.4557	0.4749
ZNF229	0.3771	0.4876	0.514	0.471	0.4319	0.4576
ZNF23	0.4403	0.4576	0.4498	0.4618	0.445	0.4698
ZNF230	0.4513	0.487	0.3633	0.4804	0.475	0.482
ZNF232	0.4225	0.4554	0.4919	0.4512	0.4407	0.4654
ZNF233	0.3953	0.5246	0.3411	0.4954	0.4891	0.5168
ZNF234	0.4614	0.4578	0.3906	0.4751	0.4693	0.4766
ZNF235	0.4312	0.4787	0.389	0.4826	0.4722	0.4796
ZNF236	0.4778	0.4733	0.347	0.4806	0.4835	0.482
ZNF239	0.4	0.4861	0.5066	0.4386	0.424	0.4797
ZNF24	0.4674	0.4437	0.4436	0.4596	0.4556	0.4541
ZNF248	0.458	0.4819	0.4125	0.4594	0.4555	0.4598
ZNF25	0.4705	0.4859	0.4253	0.4688	0.4317	0.4453
ZNF250	0.4609	0.4629	0.4555	0.4471	0.438	0.4597
ZNF251	0.4776	0.4556	0.4137	0.4525	0.4507	0.4772
ZNF253	0.4333	0.5098	0.3996	0.4714	0.4463	0.4728
ZNF254	0.4616	0.5051	0.3924	0.4662	0.4472	0.4601
ZNF256	0.398	0.4737	0.4265	0.4785	0.4721	0.4829
ZNF257	0.4025	0.5214	0.3542	0.5069	0.4641	0.5056
ZNF26	0.4707	0.4637	0.3721	0.474	0.4628	0.4927
ZNF260	0.4645	0.4771	0.4191	0.4552	0.4418	0.4688
ZNF263	0.4376	0.4566	0.4484	0.4574	0.46	0.4642
ZNF264	0.4676	0.476	0.3848	0.4659	0.4778	0.46
ZNF266	0.441	0.4699	0.41	0.4698	0.4571	0.4801
ZNF267	0.4534	0.4611	0.4114	0.4567	0.4688	0.4756
ZNF268	0.4408	0.4662	0.4329	0.4653	0.4696	0.4503
ZNF273	0.4249	0.5075	0.3912	0.4722	0.4389	0.5033
ZNF274	0.4562	0.4634	0.4219	0.4655	0.4606	0.4577
ZNF275	0.4882	0.4609	0.4402	0.4538	0.4224	0.4612
ZNF276	0.4655	0.4509	0.3996	0.4662	0.4617	0.4855
ZNF277	0.4554	0.4599	0.4395	0.4551	0.4586	0.4553
ZNF28	0.4191	0.4817	0.4414	0.4532	0.4652	0.4662
ZNF280A	0.297	0.2048	0.6869	0.5609	0.6193	0.6708
ZNF280B	0.399	0.3851	0.417	0.5217	0.468	0.5693
ZNF280C	0.4464	0.4696	0.3504	0.4809	0.4837	0.5153
ZNF280D	0.4614	0.4588	0.4136	0.4661	0.4628	0.4635
ZNF281	0.4539	0.4473	0.4144	0.4668	0.4632	0.4815
ZNF282	0.4695	0.4384	0.444	0.4518	0.4468	0.4744
ZNF283	0.4676	0.455	0.3838	0.4743	0.4732	0.4785
ZNF284	0.4425	0.4571	0.409	0.4737	0.4487	0.4986
ZNF285	0.4138	0.4864	0.4211	0.4858	0.4414	0.4828
ZNF286A	0.4433	0.4544	0.4679	0.4566	0.4283	0.4749
ZNF286B	0.4408	0.4451	0.4521	0.4727	0.4188	0.4993
ZNF287	0.4094	0.4496	0.5538	0.4473	0.4202	0.4608
ZNF292	0.464	0.4984	0.3587	0.4738	0.4727	0.473
ZNF296	0.3568	0.4997	0.4127	0.4552	0.5133	0.5137
ZNF3	0.4428	0.4574	0.4493	0.457	0.4466	0.471
ZNF30	0.4301	0.463	0.459	0.4574	0.4394	0.4766
ZNF300	0.4189	0.4784	0.467	0.4717	0.3988	0.4985
ZNF302	0.4583	0.4763	0.4326	0.4609	0.4338	0.4636
ZNF304	0.42	0.4581	0.4615	0.4673	0.461	0.4576
ZNF311	0.4645	0.4086	0.5153	0.4533	0.4256	0.4654
ZNF316	0.4672	0.4388	0.4262	0.4609	0.4546	0.4783
ZNF317	0.4424	0.4549	0.4371	0.4608	0.4529	0.4768
ZNF318	0.4313	0.4502	0.4265	0.4708	0.4686	0.4794
ZNF319	0.4806	0.4537	0.4116	0.4615	0.4496	0.4703
ZNF32	0.4475	0.4696	0.4772	0.4471	0.4361	0.4476
ZNF320	0.4353	0.4912	0.4145	0.4608	0.4612	0.4652
ZNF322	0.4648	0.4343	0.4715	0.4476	0.4475	0.459
ZNF324	0.4553	0.4507	0.4214	0.4644	0.4658	0.4679
ZNF324B	0.4809	0.4466	0.4081	0.4603	0.4565	0.4757
ZNF326	0.4812	0.4559	0.4031	0.4614	0.4572	0.4698
ZNF329	0.4219	0.4723	0.461	0.4632	0.456	0.451
ZNF331	0.4355	0.4828	0.431	0.4733	0.47	0.4345
ZNF333	0.4656	0.4732	0.3684	0.4882	0.4508	0.4918
ZNF334	0.4073	0.5203	0.4373	0.4804	0.4253	0.4643
ZNF335	0.4309	0.4595	0.4081	0.4678	0.4751	0.4882
ZNF337	0.4374	0.4676	0.4218	0.4657	0.4494	0.4851
ZNF33A	0.4512	0.4916	0.3971	0.4563	0.482	0.4527
ZNF33B	0.4531	0.5024	0.4001	0.453	0.4889	0.4351
ZNF34	0.4547	0.461	0.4429	0.4636	0.4387	0.4633
ZNF341	0.4462	0.4563	0.4139	0.4573	0.4657	0.4882
ZNF343	0.4544	0.4338	0.4517	0.457	0.4558	0.4719
ZNF345	0.4514	0.4875	0.3799	0.4855	0.4493	0.4814
ZNF346	0.466	0.4653	0.4025	0.4652	0.4542	0.4751
ZNF347	0.4303	0.4984	0.3939	0.4813	0.4661	0.4632
ZNF35	0.4592	0.4802	0.4339	0.4554	0.4348	0.4622
ZNF350	0.4416	0.4781	0.4156	0.4627	0.4698	0.4593
ZNF354A	0.4612	0.467	0.4208	0.4541	0.45	0.4728
ZNF354B	0.4638	0.4844	0.3831	0.4633	0.4582	0.4802
ZNF354C	0.4628	0.4653	0.4616	0.4736	0.4125	0.4509
ZNF358	0.4517	0.4449	0.5021	0.4487	0.4289	0.4514
ZNF362	0.4632	0.4324	0.4415	0.4634	0.4557	0.4687
ZNF365	0.4725	0.4565	0.634	0.4517	0.306	0.4783
ZNF366	0.4493	0.4913	0.4843	0.4667	0.4945	0.3564
ZNF367	0.4648	0.4528	0.3896	0.4702	0.4345	0.5251
ZNF37A	0.4881	0.4708	0.3824	0.4617	0.4647	0.4653
ZNF382	0.4503	0.4845	0.3406	0.5068	0.4551	0.5143
ZNF383	0.467	0.4791	0.3855	0.4725	0.4638	0.4639
ZNF384	0.4662	0.4525	0.4114	0.4632	0.4612	0.4722
ZNF385A	0.4544	0.4635	0.4475	0.445	0.4468	0.4669
ZNF385B	0.5875	0.5583	0.6075	0.3925	0.4535	0.2562
ZNF385C	0.4707	0.5302	0.3408	0.4599	0.4644	0.4852
ZNF385D	0.4867	0.5173	0.4679	0.461	0.405	0.3999
ZNF391	0.3996	0.4831	0.4698	0.4645	0.4517	0.4605
ZNF394	0.446	0.4538	0.4127	0.468	0.4727	0.4739
ZNF395	0.4675	0.4593	0.4374	0.4539	0.4607	0.4454
ZNF396	0.4707	0.4612	0.5098	0.4388	0.4382	0.4124
ZNF397	0.4522	0.468	0.4219	0.4635	0.4572	0.4626
ZNF398	0.4611	0.451	0.4154	0.4628	0.461	0.4752
ZNF404	0.4337	0.4999	0.4167	0.4767	0.4225	0.4824
ZNF407	0.455	0.4529	0.401	0.4743	0.4834	0.4625
ZNF408	0.4452	0.4464	0.4582	0.4532	0.4442	0.4773
ZNF41	0.5051	0.4732	0.3871	0.4613	0.4554	0.4517
ZNF410	0.4735	0.4501	0.4394	0.4535	0.4541	0.4538
ZNF414	0.4326	0.4645	0.4477	0.463	0.4401	0.4775
ZNF415	0.4397	0.5069	0.514	0.45	0.4005	0.4262
ZNF416	0.4104	0.4552	0.4774	0.4621	0.4536	0.4685
ZNF417	0.4259	0.4913	0.3766	0.4813	0.4786	0.4842
ZNF418	0.389	0.5029	0.4362	0.4851	0.4388	0.4837
ZNF419	0.4193	0.4613	0.4547	0.4649	0.4461	0.4802
ZNF420	0.4268	0.4754	0.4482	0.4689	0.4429	0.4635
ZNF423	0.394	0.525	0.6287	0.4474	0.3674	0.4245
ZNF425	0.4871	0.4835	0.4774	0.4566	0.3834	0.4459
ZNF426	0.4538	0.4651	0.4183	0.4764	0.4515	0.4611
ZNF428	0.4121	0.4476	0.5005	0.4561	0.4413	0.4719
ZNF429	0.4624	0.5087	0.4123	0.4732	0.4276	0.4472
ZNF43	0.4522	0.5119	0.363	0.4816	0.4486	0.4847
ZNF430	0.4606	0.4983	0.3623	0.4748	0.467	0.4765
ZNF431	0.452	0.4965	0.3608	0.4712	0.4772	0.4827
ZNF432	0.425	0.4834	0.4182	0.4667	0.4615	0.4735
ZNF433	0.4729	0.5105	0.3643	0.4743	0.46	0.4582
ZNF436	0.4679	0.457	0.4764	0.4441	0.4335	0.4463
ZNF438	0.4692	0.4631	0.4094	0.4657	0.4682	0.4515
ZNF439	0.4979	0.4863	0.3357	0.4975	0.4469	0.4873
ZNF44	0.4342	0.5074	0.3977	0.4705	0.4798	0.4441
ZNF440	0.5101	0.4795	0.3599	0.4612	0.4679	0.4629
ZNF441	0.4692	0.4733	0.4274	0.4706	0.4432	0.4422
ZNF442	0.4405	0.5222	0.4447	0.4675	0.4351	0.4222
ZNF443	0.4288	0.5138	0.4106	0.4515	0.4608	0.4665
ZNF444	0.4433	0.4545	0.4849	0.4446	0.4442	0.4536
ZNF445	0.5155	0.4769	0.3524	0.4754	0.4506	0.4743
ZNF446	0.4335	0.4537	0.4608	0.4553	0.449	0.4723
ZNF449	0.4409	0.445	0.4577	0.4597	0.4492	0.4718
ZNF45	0.4602	0.4597	0.4074	0.4696	0.4689	0.4616
ZNF451	0.4526	0.4731	0.3922	0.4719	0.4688	0.4719
ZNF454	0.3614	0.5526	0.6001	0.4703	0.3639	0.4401
ZNF460	0.5395	0.5365	0.2117	0.5188	0.5396	0.504
ZNF461	0.4648	0.4822	0.394	0.4744	0.4403	0.4754
ZNF462	0.4866	0.3976	0.5814	0.436	0.4187	0.4331
ZNF467	0.4383	0.5106	0.4057	0.4522	0.4654	0.4593
ZNF468	0.4588	0.4867	0.4168	0.4459	0.4695	0.4495
ZNF469	0.5217	0.4713	0.3979	0.4313	0.3928	0.5336
ZNF470	0.3712	0.4958	0.48	0.4853	0.4228	0.4853
ZNF471	0.4251	0.5429	0.4257	0.4889	0.4132	0.4445
ZNF473	0.431	0.4496	0.4262	0.466	0.469	0.4854
ZNF474	0.5715	0.5258	0.4304	0.4264	0.3943	0.4096
ZNF479	0.054	0.6529	0.6898	0.5856	0.558	0.6862
ZNF48	0.433	0.4629	0.475	0.4475	0.4301	0.4779
ZNF480	0.4402	0.4396	0.4463	0.4526	0.4721	0.4742
ZNF483	0.307	0.5584	0.5466	0.4856	0.4504	0.4343
ZNF484	0.4713	0.4912	0.3588	0.4758	0.4671	0.4759
ZNF485	0.4193	0.4782	0.4039	0.4579	0.4745	0.4989
ZNF486	0.3998	0.5423	0.429	0.4615	0.4594	0.4469
ZNF487	0.4714	0.5119	0.4191	0.4489	0.4413	0.4381
ZNF488	0.4551	0.6261	0.526	0.4462	0.2652	0.507
ZNF490	0.3989	0.4819	0.3366	0.5163	0.5098	0.5199
ZNF491	0.4727	0.4984	0.3566	0.4992	0.4288	0.4896
ZNF492	0.2664	0.588	0.3617	0.5519	0.4905	0.5921
ZNF493	0.4558	0.5289	0.3479	0.4866	0.4593	0.4702
ZNF496	0.4353	0.4504	0.4281	0.4701	0.4609	0.4815
ZNF497	0.4434	0.5043	0.3692	0.4739	0.4519	0.4974
ZNF500	0.4556	0.4501	0.4242	0.4626	0.457	0.476
ZNF501	0.4336	0.4852	0.4648	0.4761	0.4084	0.461
ZNF502	0.393	0.5119	0.5004	0.4725	0.412	0.4492
ZNF503	0.5089	0.4392	0.5268	0.4297	0.4165	0.4183
ZNF506	0.474	0.494	0.3804	0.4741	0.4483	0.4636
ZNF507	0.4678	0.4575	0.4078	0.4631	0.4637	0.4673
ZNF510	0.4506	0.4817	0.4039	0.4723	0.4527	0.4675
ZNF511	0.4283	0.4643	0.4702	0.4489	0.4556	0.4576
ZNF512	0.4637	0.4563	0.42	0.4671	0.4486	0.4702
ZNF512B	0.4499	0.4444	0.4356	0.4638	0.4486	0.4831
ZNF513	0.4572	0.4488	0.4661	0.448	0.4396	0.4646
ZNF514	0.445	0.4736	0.4264	0.4586	0.4501	0.4719
ZNF516	0.4446	0.4751	0.3835	0.483	0.4698	0.4774
ZNF517	0.4409	0.4506	0.4644	0.4541	0.4372	0.4779
ZNF518A	0.454	0.5013	0.3624	0.4734	0.4816	0.4674
ZNF518B	0.4239	0.4362	0.4571	0.4725	0.4813	0.4556
ZNF519	0.4775	0.4922	0.3546	0.481	0.4389	0.5002
ZNF521	0.5392	0.4705	0.4079	0.4671	0.4132	0.4413
ZNF524	0.4474	0.4515	0.4787	0.4421	0.4553	0.4495
ZNF525	0.4215	0.4839	0.4107	0.4541	0.4844	0.4759
ZNF526	0.4261	0.4345	0.431	0.4655	0.4847	0.4869
ZNF527	0.4467	0.4857	0.4157	0.4697	0.4453	0.4645
ZNF528	0.4323	0.4728	0.4275	0.4745	0.4464	0.4731
ZNF529	0.4389	0.4875	0.3884	0.4811	0.4457	0.4927
ZNF530	0.397	0.4588	0.4518	0.4757	0.4385	0.5116
ZNF532	0.4411	0.4359	0.5373	0.4406	0.4274	0.4521
ZNF534	0.1694	0.6044	0.5388	0.5635	0.4542	0.604
ZNF536	0.4209	0.4087	0.6458	0.5284	0.3112	0.5007
ZNF540	0.361	0.5269	0.5008	0.4809	0.4608	0.4181
ZNF541	0.4369	0.4087	0.569	0.4087	0.5106	0.419
ZNF543	0.4478	0.4673	0.3951	0.4707	0.4757	0.4735
ZNF544	0.4532	0.4694	0.4201	0.4564	0.458	0.4687
ZNF546	0.47	0.495	0.3404	0.498	0.4709	0.4737
ZNF547	0.4059	0.4859	0.4468	0.472	0.4319	0.4882
ZNF548	0.4551	0.4712	0.3821	0.4815	0.4686	0.4745
ZNF549	0.4087	0.4562	0.4129	0.4925	0.4758	0.4866
ZNF550	0.4424	0.4632	0.3826	0.4774	0.4795	0.4891
ZNF551	0.4203	0.4848	0.3716	0.4869	0.4839	0.4931
ZNF552	0.4652	0.5012	0.3725	0.4513	0.5072	0.4425
ZNF554	0.4243	0.4861	0.4469	0.4648	0.4426	0.4619
ZNF555	0.4254	0.4605	0.4501	0.4727	0.4537	0.4629
ZNF556	0.4903	0.4788	0.5653	0.3797	0.3957	0.4451
ZNF557	0.4492	0.4691	0.3734	0.4844	0.4697	0.4905
ZNF558	0.4836	0.4637	0.4261	0.4566	0.432	0.4648
ZNF559	0.4261	0.4698	0.4326	0.4747	0.4492	0.4743
ZNF559-ZNF177	0.4303	0.5072	0.4058	0.4933	0.411	0.49
ZNF560	0.1913	0.472	0.5932	0.5537	0.4533	0.6624
ZNF561	0.4581	0.4639	0.4358	0.4589	0.4579	0.4496
ZNF562	0.4815	0.4683	0.3784	0.4695	0.4648	0.4711
ZNF563	0.4577	0.4819	0.4591	0.4457	0.4529	0.4283
ZNF564	0.4662	0.4847	0.4098	0.4589	0.463	0.4453
ZNF565	0.4473	0.4981	0.3791	0.4698	0.4579	0.4832
ZNF566	0.426	0.4817	0.4091	0.4765	0.4498	0.4875
ZNF567	0.4473	0.4879	0.4007	0.4654	0.4527	0.4759
ZNF568	0.434	0.4717	0.4361	0.4796	0.4397	0.4652
ZNF569	0.4128	0.4892	0.4141	0.4896	0.4449	0.4818
ZNF57	0.4526	0.4684	0.4504	0.4464	0.4644	0.4421
ZNF570	0.4259	0.4859	0.4159	0.4831	0.4486	0.47
ZNF571	0.4165	0.5075	0.403	0.4726	0.461	0.4733
ZNF572	0.3993	0.4781	0.4546	0.4677	0.4355	0.4964
ZNF573	0.4248	0.5202	0.3413	0.4955	0.4824	0.4895
ZNF574	0.4378	0.4464	0.4457	0.4568	0.4644	0.4736
ZNF575	0.4471	0.4457	0.4218	0.4784	0.4643	0.4689
ZNF576	0.4534	0.4404	0.4854	0.4451	0.4448	0.4561
ZNF577	0.4188	0.5043	0.4145	0.4751	0.4545	0.4644
ZNF578	0.3118	0.5118	0.4624	0.5031	0.4777	0.4969
ZNF579	0.4771	0.4449	0.4426	0.4468	0.4385	0.4757
ZNF580	0.4687	0.452	0.4451	0.4526	0.444	0.4617
ZNF581	0.4349	0.4431	0.4517	0.455	0.4586	0.4819
ZNF582	0.3973	0.5089	0.4416	0.4884	0.4433	0.4545
ZNF583	0.4391	0.5058	0.4036	0.4832	0.4368	0.464
ZNF584	0.4777	0.4366	0.4536	0.4553	0.4401	0.4617
ZNF585A	0.4303	0.4723	0.4564	0.4573	0.4475	0.461
ZNF585B	0.4651	0.4923	0.4019	0.4657	0.4459	0.4587
ZNF586	0.4465	0.4841	0.3722	0.4775	0.4816	0.4746
ZNF587	0.4568	0.4698	0.3702	0.469	0.4811	0.49
ZNF587B	0.4299	0.4749	0.3638	0.478	0.508	0.4879
ZNF589	0.4278	0.4625	0.4072	0.479	0.4738	0.4795
ZNF592	0.4688	0.4529	0.4085	0.4663	0.4635	0.4672
ZNF594	0.4515	0.4872	0.3817	0.4756	0.4598	0.4779
ZNF595	0.4319	0.4108	0.4855	0.4696	0.4578	0.4735
ZNF596	0.4318	0.4849	0.4413	0.4704	0.435	0.4631
ZNF597	0.3876	0.4871	0.4322	0.4758	0.4815	0.4695
ZNF598	0.4553	0.4374	0.4447	0.4521	0.4571	0.4783
ZNF599	0.4512	0.454	0.5027	0.45	0.4202	0.4501
ZNF600	0.4211	0.4824	0.3828	0.459	0.5135	0.48
ZNF605	0.4651	0.487	0.3713	0.4672	0.4658	0.4797
ZNF606	0.4327	0.4995	0.4196	0.4633	0.4399	0.4744
ZNF607	0.3838	0.5179	0.4343	0.4671	0.4508	0.4838
ZNF608	0.4209	0.4778	0.488	0.4668	0.4194	0.4564
ZNF609	0.4796	0.4577	0.374	0.4721	0.4755	0.4763
ZNF610	0.3787	0.5086	0.4414	0.4805	0.4404	0.4888
ZNF611	0.4489	0.4842	0.3563	0.4801	0.4929	0.4798
ZNF613	0.4263	0.4865	0.4385	0.4563	0.4672	0.4518
ZNF614	0.425	0.494	0.4317	0.4665	0.4472	0.4635
ZNF615	0.461	0.4813	0.424	0.4597	0.4606	0.4395
ZNF616	0.4408	0.452	0.428	0.4665	0.4702	0.4681
ZNF618	0.4583	0.4409	0.3882	0.4703	0.5021	0.4739
ZNF619	0.5316	0.4706	0.336	0.4822	0.4626	0.4702
ZNF620	0.5197	0.4897	0.3814	0.463	0.4291	0.4563
ZNF621	0.4886	0.4571	0.4026	0.4668	0.4398	0.4751
ZNF623	0.4511	0.4468	0.4252	0.4593	0.4602	0.4834
ZNF624	0.4412	0.4634	0.4197	0.4754	0.4547	0.472
ZNF625	0.3517	0.5006	0.4431	0.4879	0.4566	0.5067
ZNF626	0.4353	0.5231	0.4635	0.4611	0.4147	0.4354
ZNF627	0.4585	0.4656	0.4589	0.4521	0.4345	0.4547
ZNF628	0.433	0.4519	0.4216	0.466	0.4657	0.4895
ZNF629	0.4963	0.4422	0.446	0.446	0.4379	0.4583
ZNF630	0.5092	0.482	0.4178	0.4451	0.4276	0.4498
ZNF639	0.4721	0.4661	0.4328	0.4519	0.4445	0.4576
ZNF641	0.4455	0.4779	0.4123	0.4656	0.4639	0.462
ZNF644	0.4615	0.4633	0.4273	0.459	0.4504	0.4633
ZNF645	0.5353	0.5716	0.2592	0.4596	0.454	0.536
ZNF646	0.4452	0.4521	0.4089	0.4675	0.4702	0.4843
ZNF648	0.575	0.3175	0.4242	0.4863	0.4412	0.5374
ZNF649	0.4365	0.4785	0.4292	0.4751	0.4484	0.4585
ZNF652	0.4809	0.4637	0.4273	0.4473	0.4486	0.4579
ZNF653	0.4342	0.4657	0.4685	0.4521	0.4335	0.4715
ZNF654	0.4499	0.4656	0.3925	0.479	0.4782	0.4656
ZNF655	0.4609	0.4565	0.4182	0.4678	0.4612	0.4611
ZNF658	0.4326	0.4777	0.4439	0.475	0.4476	0.4488
ZNF658B	0.4165	0.4933	0.494	0.466	0.4435	0.4184
ZNF66	0.4501	0.5748	0.2704	0.5041	0.4943	0.5082
ZNF660	0.5156	0.533	0.2622	0.5342	0.4434	0.5168
ZNF662	0.4515	0.5448	0.3918	0.4823	0.4309	0.4406
ZNF664	0.4591	0.4552	0.4739	0.4467	0.4409	0.4487
ZNF665	0.4534	0.5173	0.3681	0.4819	0.4564	0.4631
ZNF667	0.3868	0.5216	0.4308	0.4941	0.4235	0.4844
ZNF668	0.4341	0.4355	0.4659	0.4497	0.4509	0.4905
ZNF669	0.4419	0.4611	0.4142	0.4706	0.459	0.4804
ZNF670	0.4225	0.4547	0.4496	0.4648	0.4505	0.4842
ZNF671	0.4242	0.4979	0.3821	0.4966	0.4555	0.4818
ZNF672	0.4692	0.4365	0.4499	0.454	0.4535	0.4612
ZNF674	0.5148	0.4765	0.3466	0.4743	0.4556	0.4791
ZNF675	0.4406	0.5102	0.3859	0.4684	0.446	0.4849
ZNF676	0.1762	0.6157	0.6245	0.5263	0.5057	0.4786
ZNF677	0.4058	0.5017	0.4444	0.484	0.4452	0.45
ZNF678	0.4585	0.4905	0.3777	0.4711	0.4536	0.4836
ZNF679	0.5721	0.4192	0.6704	0.468	0.1804	0.6779
ZNF680	0.47	0.5077	0.4046	0.4576	0.4312	0.4607
ZNF681	0.4071	0.5685	0.3765	0.4753	0.4243	0.5059
ZNF682	0.3664	0.5466	0.4592	0.4713	0.4201	0.4854
ZNF683	0.4154	0.4564	0.4713	0.4274	0.5164	0.4453
ZNF684	0.4388	0.47	0.4217	0.4765	0.4579	0.4614
ZNF687	0.4512	0.4528	0.4346	0.4553	0.4525	0.4784
ZNF688	0.4626	0.4465	0.47	0.4494	0.4397	0.4561
ZNF689	0.4533	0.4315	0.4313	0.4719	0.4659	0.4721
ZNF69	0.4959	0.4832	0.3492	0.4812	0.4767	0.4581
ZNF691	0.4447	0.4489	0.4634	0.452	0.4465	0.4685
ZNF692	0.4482	0.4529	0.426	0.4539	0.4503	0.4955
ZNF695	0.3751	0.4715	0.4268	0.4355	0.4525	0.6008
ZNF696	0.4525	0.4259	0.4448	0.4617	0.4461	0.4962
ZNF697	0.4593	0.321	0.5262	0.471	0.5081	0.4753
ZNF699	0.4543	0.4901	0.3792	0.4854	0.4672	0.4585
ZNF7	0.4454	0.4563	0.4356	0.4559	0.4534	0.4783
ZNF70	0.512	0.4552	0.2982	0.5012	0.4945	0.5118
ZNF700	0.464	0.48	0.3663	0.4718	0.4709	0.4844
ZNF701	0.4241	0.497	0.3681	0.4821	0.4932	0.4769
ZNF703	0.5005	0.3831	0.5905	0.4171	0.4232	0.4466
ZNF704	0.4479	0.4008	0.5538	0.4575	0.4505	0.4308
ZNF705A	0.2984	0.5438	0.4622	0.4987	0.505	0.4677
ZNF705B	0.1113	0.5758	0.57	0.5403	0.6931	0.562
ZNF705D	0.0244	0.6836	0.673	0.6367	0.625	0.6768
ZNF705E	0.3222	0.597	0.2723	0.5532	0.5449	0.5786
ZNF705G	0.1412	0.6245	0.5025	0.5294	0.5803	0.5973
ZNF706	0.455	0.4481	0.4567	0.4485	0.4542	0.461
ZNF707	0.4588	0.4338	0.4435	0.4523	0.453	0.4841
ZNF708	0.4714	0.5078	0.3471	0.4876	0.4487	0.4842
ZNF709	0.4129	0.5238	0.3875	0.4885	0.4487	0.4795
ZNF71	0.4112	0.456	0.4401	0.4782	0.4564	0.4865
ZNF710	0.4373	0.469	0.4208	0.4546	0.4726	0.4723
ZNF711	0.4457	0.5751	0.4342	0.4573	0.3755	0.4642
ZNF713	0.4646	0.4808	0.3714	0.4835	0.4418	0.4958
ZNF714	0.4727	0.4939	0.345	0.4764	0.4486	0.5116
ZNF716	0.0812	0.6025	0.6917	0.5885	0.5056	0.6875
ZNF717	0.4725	0.4583	0.404	0.4715	0.4612	0.4605
ZNF718	0.4505	0.4984	0.369	0.4759	0.4686	0.4755
ZNF721	0.4394	0.4648	0.4442	0.4578	0.4566	0.4614
ZNF726	0.4543	0.5087	0.3565	0.4864	0.4302	0.5113
ZNF727	0.3526	0.589	0.3964	0.5165	0.4712	0.4466
ZNF728	0.1567	0.5998	0.6368	0.5549	0.5493	0.4621
ZNF729	0.0584	0.6614	0.6488	0.5932	0.5659	0.6619
ZNF730	0.4209	0.5881	0.2593	0.53	0.4361	0.6105
ZNF732	0.2216	0.5855	0.4735	0.5098	0.4984	0.5616
ZNF735	0.0394	0.6533	0.6712	0.6101	0.5991	0.6874
ZNF736	0.4325	0.5116	0.3641	0.4828	0.4517	0.5016
ZNF737	0.4298	0.5434	0.3817	0.4705	0.461	0.4562
ZNF74	0.4512	0.437	0.423	0.466	0.4513	0.4996
ZNF740	0.4826	0.4575	0.3985	0.4625	0.4597	0.4684
ZNF746	0.478	0.4456	0.4077	0.4639	0.4491	0.4844
ZNF747	0.4746	0.4492	0.4456	0.4521	0.4478	0.4547
ZNF749	0.4428	0.422	0.4389	0.4695	0.4678	0.4864
ZNF750	0.6183	0.574	0.463	0.3183	0.5729	0.3075
ZNF75A	0.4487	0.4673	0.4126	0.4653	0.4607	0.4723
ZNF75D	0.4301	0.4901	0.4291	0.4565	0.4648	0.4564
ZNF76	0.4521	0.4565	0.4282	0.4619	0.4593	0.4667
ZNF761	0.4592	0.4748	0.4051	0.4493	0.4764	0.4634
ZNF763	0.4763	0.5198	0.3577	0.48	0.4727	0.4381
ZNF764	0.4587	0.4534	0.4167	0.4599	0.4606	0.4769
ZNF765	0.4547	0.4865	0.3845	0.4658	0.4685	0.4725
ZNF766	0.4202	0.4686	0.4235	0.465	0.4788	0.4719
ZNF768	0.4675	0.4372	0.4647	0.4453	0.4508	0.4589
ZNF77	0.459	0.4607	0.4112	0.466	0.4511	0.4791
ZNF770	0.4392	0.4678	0.4242	0.4655	0.4759	0.4536
ZNF771	0.4427	0.4594	0.4927	0.4509	0.4039	0.4806
ZNF772	0.4558	0.4804	0.383	0.4842	0.4542	0.4757
ZNF773	0.4327	0.4514	0.4289	0.4766	0.4566	0.4803
ZNF774	0.4872	0.4989	0.5188	0.4203	0.3954	0.4205
ZNF775	0.4201	0.4481	0.464	0.4657	0.4477	0.4808
ZNF776	0.4568	0.4726	0.4156	0.465	0.4519	0.4643
ZNF777	0.4635	0.4322	0.4717	0.4504	0.4409	0.4665
ZNF778	0.4362	0.4592	0.414	0.4824	0.4618	0.4742
ZNF780A	0.457	0.4378	0.4647	0.4452	0.4731	0.4468
ZNF780B	0.4706	0.4729	0.3734	0.4719	0.4769	0.4692
ZNF781	0.3563	0.4973	0.5089	0.5049	0.4239	0.457
ZNF782	0.4751	0.498	0.346	0.4789	0.4714	0.4758
ZNF783	0.4455	0.4484	0.4129	0.4698	0.4534	0.499
ZNF784	0.4404	0.4752	0.4408	0.4533	0.4593	0.4557
ZNF785	0.4819	0.4645	0.3894	0.4619	0.4486	0.4857
ZNF786	0.456	0.447	0.4441	0.4512	0.447	0.4792
ZNF787	0.4503	0.4441	0.4564	0.4503	0.4547	0.4682
ZNF788	0.4384	0.4806	0.3596	0.5061	0.4711	0.4871
ZNF789	0.4653	0.4571	0.3921	0.4718	0.4538	0.4911
ZNF79	0.4523	0.4427	0.4201	0.4687	0.4679	0.4746
ZNF790	0.4727	0.468	0.4165	0.4654	0.4386	0.4656
ZNF791	0.4456	0.4694	0.4241	0.4652	0.4609	0.4603
ZNF792	0.5023	0.4798	0.3219	0.4744	0.5035	0.4752
ZNF793	0.3937	0.568	0.4218	0.4707	0.4211	0.4742
ZNF799	0.4496	0.4952	0.4151	0.4528	0.4663	0.4491
ZNF8	0.4457	0.4926	0.3411	0.4877	0.4669	0.5166
ZNF80	0.4019	0.4327	0.339	0.5006	0.5621	0.5381
ZNF800	0.5016	0.4491	0.3938	0.4652	0.4623	0.4599
ZNF804A	0.5287	0.5696	0.2297	0.5544	0.4148	0.5564
ZNF804B	0.6819	0.5827	0.5657	0.513	0.5819	0.1158
ZNF805	0.4712	0.4694	0.3501	0.4818	0.496	0.4751
ZNF808	0.4473	0.4959	0.355	0.4826	0.495	0.4675
ZNF81	0.4913	0.4707	0.3586	0.4808	0.4476	0.4927
ZNF813	0.4637	0.4799	0.3714	0.4702	0.4822	0.4685
ZNF814	0.4455	0.4799	0.3947	0.4735	0.4625	0.4746
ZNF816	0.4474	0.4868	0.4046	0.4526	0.4845	0.4537
ZNF821	0.4472	0.4599	0.5042	0.4477	0.421	0.4485
ZNF823	0.4443	0.4907	0.4422	0.4458	0.4681	0.4353
ZNF827	0.5224	0.4383	0.4272	0.4553	0.4357	0.4527
ZNF829	0.3963	0.49	0.412	0.495	0.4513	0.4918
ZNF83	0.4471	0.4901	0.4049	0.461	0.456	0.4698
ZNF830	0.4476	0.4576	0.4513	0.4548	0.4518	0.4603
ZNF831	0.4093	0.434	0.3303	0.528	0.5764	0.5006
ZNF835	0.4275	0.5604	0.4944	0.4802	0.3505	0.4448
ZNF836	0.4272	0.4658	0.4544	0.4517	0.4666	0.459
ZNF837	0.4097	0.488	0.4622	0.4574	0.4404	0.4707
ZNF84	0.4357	0.4791	0.4157	0.4637	0.4551	0.4785
ZNF841	0.4419	0.4587	0.4011	0.4673	0.4772	0.4835
ZNF843	0.5514	0.4461	0.4791	0.4674	0.353	0.4546
ZNF844	0.4842	0.5076	0.3884	0.4718	0.4538	0.4299
ZNF845	0.4334	0.4753	0.4124	0.4647	0.4806	0.4618
ZNF846	0.4724	0.476	0.3965	0.4642	0.4608	0.4595
ZNF85	0.4238	0.4962	0.391	0.4809	0.4533	0.4901
ZNF850	0.4865	0.4728	0.275	0.5186	0.485	0.555
ZNF852	0.4795	0.5035	0.2864	0.502	0.5184	0.4892
ZNF853	0.4377	0.4564	0.5667	0.4626	0.3784	0.4468
ZNF860	0.5109	0.4346	0.5584	0.3815	0.4804	0.3909
ZNF865	0.4741	0.4436	0.422	0.4544	0.452	0.4804
ZNF878	0.5066	0.5735	0.1916	0.5353	0.5294	0.542
ZNF879	0.4116	0.5026	0.4141	0.4791	0.4576	0.4674
ZNF880	0.424	0.4574	0.4545	0.4703	0.4561	0.4629
ZNF883	0.4011	0.51	0.5815	0.4639	0.3339	0.4844
ZNF888	0.4114	0.5398	0.3451	0.451	0.5874	0.4415
ZNF891	0.4545	0.5534	0.2738	0.5129	0.4839	0.5169
ZNF90	0.3772	0.5614	0.4166	0.4743	0.4321	0.4903
ZNF91	0.4571	0.4972	0.411	0.458	0.4463	0.4592
ZNF92	0.4435	0.484	0.4153	0.4621	0.4339	0.4905
ZNF93	0.4242	0.5024	0.3791	0.4786	0.4451	0.5117
ZNF98	0.2643	0.6295	0.5149	0.5096	0.448	0.4598
ZNF99	0.1375	0.6581	0.5083	0.5757	0.5148	0.5987
ZSCAN1	0.3516	0.6079	0.6206	0.4576	0.3052	0.4974
ZSCAN10	0.1009	0.6573	0.5016	0.5558	0.6128	0.6543
ZSCAN12	0.4598	0.4836	0.4085	0.4691	0.4479	0.4591
ZSCAN16	0.4482	0.47	0.4457	0.4467	0.4461	0.4676
ZSCAN18	0.4279	0.5042	0.4686	0.4599	0.4304	0.4384
ZSCAN2	0.4141	0.4644	0.4312	0.4656	0.4685	0.4844
ZSCAN20	0.4645	0.4222	0.4141	0.475	0.4719	0.4816
ZSCAN21	0.431	0.4361	0.4709	0.4658	0.4478	0.4742
ZSCAN22	0.4848	0.4306	0.3771	0.4774	0.4748	0.4925
ZSCAN23	0.4261	0.5157	0.4259	0.4888	0.4355	0.441
ZSCAN25	0.4409	0.4466	0.4311	0.4705	0.4617	0.4747
ZSCAN26	0.4683	0.4518	0.4306	0.4662	0.4455	0.4626
ZSCAN29	0.4698	0.4539	0.3978	0.4668	0.4673	0.4736
ZSCAN30	0.4759	0.4744	0.393	0.4705	0.4475	0.4693
ZSCAN31	0.4445	0.5107	0.4616	0.437	0.4524	0.4235
ZSCAN32	0.4424	0.4611	0.4402	0.4587	0.451	0.471
ZSCAN4	0.4547	0.5132	0.4156	0.3844	0.5633	0.4228
ZSCAN5A	0.4663	0.479	0.3904	0.4653	0.4636	0.4661
ZSCAN5B	0.3158	0.4978	0.4314	0.4919	0.4824	0.5502
ZSCAN9	0.4339	0.4474	0.4395	0.4633	0.4617	0.4797
ZUFSP	0.4309	0.4859	0.4009	0.4651	0.4644	0.4838
ZXDA	0.446	0.4849	0.4313	0.4638	0.4566	0.4433
ZXDB	0.4691	0.4766	0.4244	0.457	0.4479	0.4507
ZXDC	0.4671	0.4653	0.4006	0.4635	0.4661	0.4656
ZZZ3	0.4715	0.449	0.4153	0.4622	0.4652	0.4632
